-- phpMyAdmin SQL Dump
-- version 4.7.9
-- https://www.phpmyadmin.net/
--
-- Servidor: 127.0.0.1
-- Tiempo de generación: 24-04-2018 a las 12:28:46
-- Versión del servidor: 10.1.31-MariaDB
-- Versión de PHP: 7.0.28

SET SQL_MODE = "NO_AUTO_VALUE_ON_ZERO";
SET AUTOCOMMIT = 0;
START TRANSACTION;
SET time_zone = "+00:00";


/*!40101 SET @OLD_CHARACTER_SET_CLIENT=@@CHARACTER_SET_CLIENT */;
/*!40101 SET @OLD_CHARACTER_SET_RESULTS=@@CHARACTER_SET_RESULTS */;
/*!40101 SET @OLD_COLLATION_CONNECTION=@@COLLATION_CONNECTION */;
/*!40101 SET NAMES utf8mb4 */;

--
-- Base de datos: `blog`
--

-- --------------------------------------------------------

--
-- Estructura de tabla para la tabla `categories`
--

CREATE TABLE `categories` (
  `id` int(10) UNSIGNED NOT NULL,
  `name` varchar(128) COLLATE utf8mb4_unicode_ci NOT NULL,
  `slug` varchar(128) COLLATE utf8mb4_unicode_ci NOT NULL,
  `body` mediumtext COLLATE utf8mb4_unicode_ci,
  `created_at` timestamp NULL DEFAULT NULL,
  `updated_at` timestamp NULL DEFAULT NULL
) ENGINE=InnoDB DEFAULT CHARSET=utf8mb4 COLLATE=utf8mb4_unicode_ci;

--
-- Volcado de datos para la tabla `categories`
--

INSERT INTO `categories` (`id`, `name`, `slug`, `body`, `created_at`, `updated_at`) VALUES
(1, 'Eius explicabo reiciendis nemo sit.', 'eius-explicabo-reiciendis-nemo-sit', 'Ut facere voluptatem aut fugit nesciunt ut. Quis amet est mollitia quia. Recusandae et aut blanditiis qui fuga labore. Velit nesciunt ex quaerat et amet. Sit sit et ea dolores ut neque. Aut in neque ut molestiae rerum eum quia. Asperiores qui similique recusandae laudantium eos. Quas omnis voluptas nam eos corrupti nobis omnis.', '2018-04-12 03:52:55', '2018-04-12 03:52:55'),
(2, 'Unde eius eligendi ut molestias repellendus.', 'unde-eius-eligendi-ut-molestias-repellendus', 'Sed doloremque incidunt dolor at placeat veritatis suscipit consequuntur. Dolores inventore et sed unde magni consequatur est. Officia rerum alias cum numquam et et natus. Possimus qui sit veritatis dicta dolores debitis dolorem. Corrupti voluptate iure adipisci dolorem. Deleniti odio nulla et. Nobis cupiditate vel quia quasi dicta suscipit deleniti. Laborum sed et repudiandae magnam quia.', '2018-04-12 03:52:55', '2018-04-12 03:52:55'),
(3, 'Quas in a maxime nesciunt molestias.', 'quas-in-a-maxime-nesciunt-molestias', 'Facere voluptatem eaque quo et saepe in. Voluptatibus vel et nesciunt dolores. Repellat rerum doloribus illo eum quos. Ad corrupti et iste dolorem accusantium odio id. Nam hic eius laborum dolorum est consequatur sapiente. Nostrum velit aliquid culpa deleniti pariatur ea doloribus. Et dicta aut vero. Nihil quo nihil et incidunt. Et accusamus facere at architecto. Fugit provident voluptas officia vel qui. Et quis commodi earum ut. Praesentium nisi voluptate aut.', '2018-04-12 03:52:55', '2018-04-12 03:52:55'),
(4, 'Illo sit ullam odio saepe consequatur.', 'illo-sit-ullam-odio-saepe-consequatur', 'Occaecati et ipsam voluptas beatae. Accusamus qui ut facere esse ipsum eos voluptas. Ab iusto delectus est est quam eveniet. Dolor velit earum explicabo aut. Quo ea quae dolor enim ratione id ea. Non velit ad laudantium odit provident non possimus. Beatae iusto consequatur quis ea ipsum itaque. Sapiente voluptatum in maxime fugiat eligendi sed. Maxime suscipit qui minus accusantium. Vero dolores error et rerum voluptatem debitis. Dicta adipisci qui temporibus quas quam dolores ut.', '2018-04-12 03:52:55', '2018-04-12 03:52:55'),
(5, 'Error molestias vitae consequatur.', 'error-molestias-vitae-consequatur', 'Earum animi consequatur cum ut cupiditate. Quis voluptates quia sequi et. Veritatis qui non architecto modi rerum dolor. Aliquid sunt rerum accusamus magnam. Amet et mollitia laborum laborum recusandae fugiat. Laudantium impedit perferendis ut et sapiente sit voluptas. Voluptatum autem ea architecto velit iusto aut aut totam. Iure et ipsum minima assumenda hic. Unde eos illum consectetur eos provident et tenetur.', '2018-04-12 03:52:55', '2018-04-12 03:52:55'),
(6, 'Accusantium quibusdam asperiores velit et.', 'accusantium-quibusdam-asperiores-velit-et', 'Odio est ut sapiente distinctio hic et impedit. Vel voluptas sint architecto nihil. Aut commodi dolore consequatur quibusdam adipisci corrupti consequatur fuga. Voluptas ipsum id omnis nemo voluptatem quibusdam consequatur aspernatur. Alias doloremque id est. Saepe illo ullam sint iste architecto recusandae adipisci nihil. Quae atque est reiciendis facere.', '2018-04-12 03:52:55', '2018-04-12 03:52:55'),
(7, 'Tempore saepe quis eum.', 'tempore-saepe-quis-eum', 'Soluta excepturi eum ab et recusandae velit qui numquam. Expedita omnis debitis quaerat quis. Adipisci earum voluptas et repellat repudiandae nam iste. Distinctio et temporibus perspiciatis ducimus quos error. Inventore qui nam ea debitis sit ea repellat. Necessitatibus voluptatem impedit aliquam dolorum nemo sint occaecati. Excepturi aut aliquid ratione quis. Rerum asperiores et minima unde. Aperiam nesciunt maxime voluptatem et doloribus velit. Omnis excepturi dolor aperiam eum.', '2018-04-12 03:52:55', '2018-04-12 03:52:55'),
(8, 'Eos non perspiciatis velit.', 'eos-non-perspiciatis-velit', 'Id vitae et omnis tempore sunt. Quod accusamus provident animi ducimus voluptatem et provident saepe. Perferendis repudiandae maiores enim et quisquam praesentium consequatur qui. Sunt et placeat quod quia in omnis molestias nisi. Doloremque beatae sequi voluptatum quia qui neque. Voluptas soluta quia veritatis et quaerat ad. Recusandae repudiandae perspiciatis blanditiis vero asperiores. Ipsum voluptatem nisi et et dicta unde.', '2018-04-12 03:52:55', '2018-04-12 03:52:55'),
(9, 'Libero enim assumenda ut voluptas magni.', 'libero-enim-assumenda-ut-voluptas-magni', 'Non consequatur blanditiis aut est dolores ut possimus. Id beatae ut aliquam sint. Deserunt aliquid aut enim. Magnam quia delectus maxime esse molestiae. Fugit itaque sint incidunt deleniti accusamus. Cumque sunt aperiam voluptatibus tempore. Nobis aut aliquid dolorem. Earum recusandae reprehenderit voluptates ex harum eligendi facere.', '2018-04-12 03:52:55', '2018-04-12 03:52:55'),
(10, 'Eos voluptas et rem et.', 'eos-voluptas-et-rem-et', 'Dolor quae sunt repellat ut corporis. Laudantium quisquam beatae dignissimos omnis similique maiores. Aut quos eligendi voluptas modi eveniet et deleniti. Omnis autem perferendis molestias qui maiores facilis nostrum vel. Eius recusandae porro iusto dolorum et et. Minima architecto commodi enim quia. Et excepturi quae accusamus mollitia voluptas magnam sed. Veritatis quas ea quis voluptatem velit. Amet et magni aperiam voluptatum. Occaecati voluptates et alias sunt sint ea minima eveniet.', '2018-04-12 03:52:55', '2018-04-12 03:52:55'),
(11, 'At quos odio.', 'at-quos-odio', 'Sint debitis sed veniam odit ea corporis fuga. Eum sequi labore explicabo iure sed cum. Voluptatem omnis voluptate voluptas nulla excepturi aperiam. Soluta qui dolorem inventore eos recusandae. Magni molestiae nemo iure ut laborum esse. Corrupti consequatur sint et. Molestiae voluptatem est culpa. Sequi totam et nihil quaerat deserunt autem. Assumenda et qui autem tempora voluptatem quaerat ipsum. Cupiditate vel nulla quibusdam natus cum temporibus ipsum.', '2018-04-12 03:52:55', '2018-04-12 03:52:55'),
(12, 'Nemo ducimus voluptates quis.', 'nemo-ducimus-voluptates-quis', 'Nostrum ab molestiae nulla corrupti. Enim et aut in repellendus laborum dolores vel. Aut qui dolor qui excepturi. Quaerat optio aut non tempora ullam et quae id. Qui corporis ullam impedit. Blanditiis sed non magni numquam sunt hic ipsam. Asperiores et atque id dolor distinctio voluptatem. Nisi sed similique ipsam ut ex. Ipsum ea natus et exercitationem assumenda sunt. Qui deserunt sit natus sunt corrupti et. Quos sapiente cupiditate esse corrupti quod sapiente.', '2018-04-12 03:52:56', '2018-04-12 03:52:56'),
(13, 'Et reprehenderit id itaque.', 'et-reprehenderit-id-itaque', 'Ut deserunt mollitia dolor aut qui ut. Debitis omnis iure cum omnis et voluptas consequatur. Nobis excepturi amet dolores omnis dolorem qui odio. Voluptas qui consequatur et ut ea. Quia est dolor et soluta enim. Repudiandae voluptatem voluptas excepturi sed id nihil sed. Delectus et non beatae facilis modi tenetur sint. Amet quo et expedita quasi. Eius quisquam neque eum. Enim pariatur porro impedit optio eum reiciendis amet. Id vel neque dolorem praesentium provident odit.', '2018-04-12 03:52:56', '2018-04-12 03:52:56'),
(14, 'Pariatur assumenda omnis nemo autem.', 'pariatur-assumenda-omnis-nemo-autem', 'Aut accusamus et inventore eaque. Ea nulla autem aut consectetur. Quia numquam et sed. Illum dolores consequatur blanditiis sint corrupti magnam dolore. Deserunt voluptatum qui natus provident labore sit. Corporis repudiandae et sed distinctio. Magni nihil distinctio officia unde ut voluptas. Sed quia modi vitae autem culpa officia. Sunt a quo vel laudantium voluptates ea. Aut et aut id accusantium non velit. Sunt veniam harum aperiam ut similique eius.', '2018-04-12 03:52:56', '2018-04-12 03:52:56'),
(15, 'Voluptatem molestiae eaque a.', 'voluptatem-molestiae-eaque-a', 'Voluptatum minus sapiente fugiat animi. Itaque sed sit rerum at non commodi autem. Qui quasi et sunt et dolor molestiae. Cum quas fugiat veniam at. Dolores debitis aut qui adipisci rerum aut. Quis corporis ea in aliquam vel aliquid. Placeat consequuntur quis dolorem modi ut. Fugiat voluptates sunt doloribus repellendus corporis aperiam unde magnam. Sed autem quibusdam molestiae voluptas non eum aperiam. Ut repellendus aut velit sit. Maxime dicta placeat quam minus ipsam non adipisci.', '2018-04-12 03:52:56', '2018-04-12 03:52:56'),
(16, 'Deleniti itaque voluptatem non.', 'deleniti-itaque-voluptatem-non', 'Dolor error veniam ullam quia veritatis dicta. Mollitia provident accusantium sit explicabo. Error exercitationem est iusto fugiat veritatis. Quo quo dolores eaque vel. Aut dolorem nostrum dolore. Ullam quis maiores sequi consequatur expedita eveniet doloremque. In ipsa aut omnis qui exercitationem. Soluta eaque quod aspernatur eaque nisi. Possimus in consectetur sapiente ab. Ipsam pariatur quia aut corrupti ut atque. Corporis eum nihil qui perspiciatis.', '2018-04-12 03:52:56', '2018-04-12 03:52:56'),
(17, 'Sed maxime expedita vel accusantium.', 'sed-maxime-expedita-vel-accusantium', 'Ut enim molestias voluptates debitis quia quas. Inventore est est ea perferendis dolores. Mollitia praesentium ipsa unde quis. Est repellat non voluptas rerum ea quia quae. Necessitatibus suscipit nisi praesentium qui distinctio. Omnis quia assumenda rem. Quidem corrupti nulla modi eaque. Ipsum sed dolores qui ipsa. Totam voluptatem aut qui vel. Ut voluptatum atque sunt voluptate. Ut ut dignissimos ut.', '2018-04-12 03:52:56', '2018-04-12 03:52:56'),
(18, 'Occaecati eum cumque qui ea occaecati.', 'occaecati-eum-cumque-qui-ea-occaecati', 'Deserunt nemo quia nobis et necessitatibus. Fugit est consequatur voluptatem consequatur architecto. Illum assumenda modi soluta autem. Ut iure veniam natus voluptates. Molestias consequatur voluptas et vel maxime nam qui. Omnis enim dolorem debitis quam sit repudiandae. Minus consequatur sapiente et quibusdam. Praesentium velit nam illo earum enim qui. Nisi ut sint ut omnis.', '2018-04-12 03:52:56', '2018-04-12 03:52:56'),
(19, 'Vitae voluptas culpa est earum consectetur._v2', 'vitae-voluptas-culpa-est-earum-consectetur-v2', 'Esse itaque nihil et et. Explicabo expedita aliquid asperiores sit omnis sit exercitationem. Nesciunt praesentium nihil in vero qui voluptatem id. Dolorem inventore fugiat similique dolores animi quas. Et enim eum nihil. Dolorum iure fuga porro numquam aliquam facere vel. Et dignissimos cupiditate et suscipit neque rerum. Quo aut quis vitae libero hic officiis exercitationem enim. Similique repellat beatae explicabo rerum rerum tempore. Quis sunt minus in tempore. ksmnop\'dcmploasmxplmslp´msalm slm slsmls', '2018-04-12 03:52:56', '2018-04-13 23:08:40'),
(20, 'SOAP', 'soap', 'Arquitectura SOAP', '2018-04-15 11:58:14', '2018-04-15 11:58:14'),
(21, 'RESTfull', 'restfull', 'Arquitectura RESTfull', '2018-04-15 11:58:57', '2018-04-15 11:58:57'),
(22, 'Laravel', 'laravel', 'de laravel', '2018-04-17 20:54:00', '2018-04-17 20:54:00');

-- --------------------------------------------------------

--
-- Estructura de tabla para la tabla `migrations`
--

CREATE TABLE `migrations` (
  `id` int(10) UNSIGNED NOT NULL,
  `migration` varchar(255) COLLATE utf8mb4_unicode_ci NOT NULL,
  `batch` int(11) NOT NULL
) ENGINE=InnoDB DEFAULT CHARSET=utf8mb4 COLLATE=utf8mb4_unicode_ci;

--
-- Volcado de datos para la tabla `migrations`
--

INSERT INTO `migrations` (`id`, `migration`, `batch`) VALUES
(73, '2014_10_12_000000_create_users_table', 1),
(74, '2014_10_12_100000_create_password_resets_table', 1),
(75, '2018_04_11_192939_create_categories_table', 1),
(76, '2018_04_11_193005_create_posts_table', 1),
(77, '2018_04_11_193019_create_tags_table', 1),
(78, '2018_04_11_193242_create_post_tag_table', 1);

-- --------------------------------------------------------

--
-- Estructura de tabla para la tabla `password_resets`
--

CREATE TABLE `password_resets` (
  `email` varchar(128) COLLATE utf8mb4_unicode_ci NOT NULL,
  `token` varchar(255) COLLATE utf8mb4_unicode_ci NOT NULL,
  `created_at` timestamp NULL DEFAULT NULL
) ENGINE=InnoDB DEFAULT CHARSET=utf8mb4 COLLATE=utf8mb4_unicode_ci;

-- --------------------------------------------------------

--
-- Estructura de tabla para la tabla `posts`
--

CREATE TABLE `posts` (
  `id` int(10) UNSIGNED NOT NULL,
  `user_id` int(10) UNSIGNED NOT NULL,
  `category_id` int(10) UNSIGNED NOT NULL,
  `name` varchar(128) COLLATE utf8mb4_unicode_ci NOT NULL,
  `slug` varchar(128) COLLATE utf8mb4_unicode_ci NOT NULL,
  `excerpt` mediumtext COLLATE utf8mb4_unicode_ci,
  `body` text COLLATE utf8mb4_unicode_ci NOT NULL,
  `status` enum('PUBLISHED','DRAFT') COLLATE utf8mb4_unicode_ci NOT NULL DEFAULT 'DRAFT',
  `file` varchar(255) COLLATE utf8mb4_unicode_ci NOT NULL,
  `created_at` timestamp NULL DEFAULT NULL,
  `updated_at` timestamp NULL DEFAULT NULL
) ENGINE=InnoDB DEFAULT CHARSET=utf8mb4 COLLATE=utf8mb4_unicode_ci;

--
-- Volcado de datos para la tabla `posts`
--

INSERT INTO `posts` (`id`, `user_id`, `category_id`, `name`, `slug`, `excerpt`, `body`, `status`, `file`, `created_at`, `updated_at`) VALUES
(1, 9, 7, 'Deserunt vero quasi fugit eum.', 'deserunt-vero-quasi-fugit-eum', 'Necessitatibus et rerum fugit expedita. Quaerat a ex voluptates aspernatur temporibus alias minima. Quam consectetur eius autem velit.', 'Molestias eum autem odit consequatur enim incidunt. Nam et in maxime. Doloremque voluptas totam neque aut. Deserunt eum quibusdam nihil ut et quis. Quia minus impedit voluptatem sit ullam eveniet blanditiis. Consectetur quia distinctio unde. Consequatur illo sequi rerum. Magnam placeat et nam soluta. Quo et provident quibusdam. Vel rerum magni ratione sit eos ad.', 'PUBLISHED', 'https://lorempixel.com/1200/400/?91787', '2018-04-12 03:52:58', '2018-04-12 03:52:58'),
(3, 12, 14, 'Dignissimos fugit voluptatem ut est.', 'dignissimos-fugit-voluptatem-ut-est', 'Necessitatibus reiciendis qui recusandae nemo. Velit magnam autem autem optio beatae officia. Sed cumque harum consequatur aliquam. Assumenda accusamus doloribus cum sunt numquam.', 'Ut est aut a animi quasi dolorem tempore. Voluptatem id consectetur enim quam autem dolores. Veniam inventore at commodi consequatur doloremque. Est non est non repellat aspernatur aut quod. Quia dolorem aliquid facere accusamus et eaque ut. Ut omnis natus distinctio doloribus. Suscipit tempore pariatur aperiam adipisci et qui. Quas deleniti ex nisi aut repudiandae qui.', 'DRAFT', 'https://lorempixel.com/1200/400/?90025', '2018-04-12 03:52:58', '2018-04-12 03:52:58'),
(4, 14, 5, 'Optio ab id cupiditate deserunt.', 'optio-ab-id-cupiditate-deserunt', 'Voluptatum atque provident a aut quos. Aliquam temporibus qui maiores voluptatem odio in aut. Quia cum error aut voluptatibus nobis iure.', 'Nostrum vero provident nostrum et minus quod aperiam consectetur. Deleniti quis tempore architecto odio. Qui exercitationem id ut nisi inventore quasi. Vel voluptatem sint earum rerum repudiandae quia aliquam. Natus beatae dignissimos voluptatem suscipit illo distinctio. Non et nihil quaerat temporibus earum. Itaque in voluptatem dicta quaerat quis et quos. Autem id in autem optio. Et ut ad non quas quibusdam libero. Molestiae blanditiis iure et qui.', 'PUBLISHED', 'https://lorempixel.com/1200/400/?93522', '2018-04-12 03:52:58', '2018-04-12 03:52:58'),
(5, 24, 5, 'Natus ab cumque illum cum.', 'natus-ab-cumque-illum-cum', 'Praesentium neque numquam earum harum et nemo sit. Voluptas eos itaque dolore a. Eius perspiciatis velit nihil est. Corporis officiis assumenda et ut odit.', 'Magnam qui quia ratione enim impedit recusandae inventore. Pariatur et rerum vitae consequatur enim. Dolor quo exercitationem tenetur culpa quisquam sint. Quia voluptas facere eveniet. Aspernatur nobis omnis et nemo quasi officiis saepe. Ipsam et officia vel voluptatibus qui voluptas est. Qui consequatur quia voluptates atque. Reiciendis vero sed est sunt sequi ut aliquam. Quia aut sapiente nobis dolorem fuga. Occaecati fugit et eius quibusdam ut. Dolor ut velit dolorem sint ipsum.', 'DRAFT', 'https://lorempixel.com/1200/400/?96794', '2018-04-12 03:52:58', '2018-04-12 03:52:58'),
(6, 2, 18, 'Quae aut possimus sint.', 'quae-aut-possimus-sint', 'Dolore in sed et nobis voluptas. Ut nobis expedita a qui adipisci voluptas consequatur sed. Sit soluta facilis repellendus voluptate voluptas.', 'Unde in impedit non provident. Nam nulla sit iste consectetur. Labore est debitis ab iusto. Consequatur atque atque quia voluptatem qui nostrum velit quia. Eius sapiente maiores dolor facere sunt. Voluptas architecto blanditiis et est magnam. Error mollitia dolor aliquid libero non ex sit. Tenetur aliquid consectetur enim et. Iusto et earum adipisci eos dolor voluptas quam. Libero incidunt dignissimos soluta quia et consectetur.', 'DRAFT', 'https://lorempixel.com/1200/400/?54210', '2018-04-12 03:52:58', '2018-04-12 03:52:58'),
(7, 21, 15, 'Quia fugiat laboriosam voluptatem.', 'quia-fugiat-laboriosam-voluptatem', 'Hic aut sapiente esse minima quo. Nulla est aspernatur eum sed. Corporis et et veniam est iusto autem ad.', 'Voluptatibus dolor ut inventore quidem aperiam corporis itaque. Perspiciatis sequi qui quis voluptatem qui. Aperiam quasi dicta voluptate fugiat iste voluptas laudantium. Eaque aspernatur repellat repellat et repudiandae eius blanditiis. Quia officiis minima ea vel. Corrupti eum asperiores vero repudiandae. Nesciunt sequi porro exercitationem provident laudantium eum. Aliquam aut sunt laboriosam quam voluptatem impedit.', 'DRAFT', 'https://lorempixel.com/1200/400/?94595', '2018-04-12 03:52:58', '2018-04-12 03:52:58'),
(8, 18, 10, 'Sit sunt odit quaerat.', 'sit-sunt-odit-quaerat', 'Velit quis voluptates ut vel itaque quo. Maxime porro dignissimos amet placeat dolores consequatur delectus culpa. Velit assumenda et est voluptatem a.', 'Est est provident asperiores architecto ut. Illum omnis a repellat ipsam beatae magni. Consequatur provident dignissimos ipsa repellat veniam omnis eaque. Qui id minus blanditiis rerum assumenda excepturi sint. Vitae alias consectetur quo quia expedita quae. Sint est ut est rem quae porro. Sint consequatur harum tempore nesciunt et repellendus id.', 'PUBLISHED', 'https://lorempixel.com/1200/400/?86554', '2018-04-12 03:52:58', '2018-04-12 03:52:58'),
(9, 25, 12, 'Natus deleniti qui quo.', 'natus-deleniti-qui-quo', 'Error quibusdam ut ducimus rerum et voluptatem autem. Recusandae reprehenderit deserunt officiis et qui. Iusto esse quam est repudiandae quaerat illo.', 'Qui et aut ut. Nam quasi quo et neque molestias modi. Ut est magni itaque sunt nisi eos veritatis atque. Qui eum ex sint impedit qui aut quod sequi. Exercitationem repellendus ipsam eos natus temporibus nisi enim. Sequi non modi laudantium et est. Id rem rerum ea. Earum sunt incidunt qui. Nostrum nesciunt vero et at ut illum ipsum eum. Vel omnis ab ipsum sapiente eos adipisci. Numquam perferendis quas rerum dolores ipsum. Necessitatibus ducimus corrupti soluta illo inventore.', 'DRAFT', 'https://lorempixel.com/1200/400/?56625', '2018-04-12 03:52:58', '2018-04-12 03:52:58'),
(10, 15, 3, 'Eos blanditiis aut voluptatum.', 'eos-blanditiis-aut-voluptatum', 'Minus voluptates facere accusamus id cum. Assumenda vero ullam molestiae. Qui commodi qui voluptatem ut ut. Debitis magni consectetur porro error praesentium nisi cumque.', 'Laboriosam illo architecto numquam sint. Porro et maiores optio qui itaque voluptates sint. Animi itaque unde et fugiat assumenda saepe dolorum. Ratione et sunt placeat totam neque pariatur quis cumque. Autem dicta blanditiis magni aut nam sit ut possimus. Vel nobis id dolorum reiciendis blanditiis. Enim quidem voluptatem alias.', 'DRAFT', 'https://lorempixel.com/1200/400/?23067', '2018-04-12 03:52:58', '2018-04-12 03:52:58'),
(11, 13, 12, 'Similique quidem minima.', 'similique-quidem-minima', 'Unde suscipit dicta placeat ipsam magnam. Aut exercitationem enim molestias sint libero laborum. Quidem corporis dignissimos sint.', 'Voluptatem dolore beatae a quia voluptate. Qui dolore sunt molestiae aut. Quasi assumenda et aut et id quia eligendi. Perferendis voluptatibus pariatur magnam aliquam. Porro dolorem et id. Mollitia reiciendis est eum modi odio quia neque. Maxime tenetur eum fuga doloremque aut est aperiam est. Inventore nobis alias voluptate minima. Qui consequatur hic est et ab. Magni asperiores architecto qui odit. Nihil quibusdam enim et hic consequatur. Natus ullam debitis rerum.', 'DRAFT', 'https://lorempixel.com/1200/400/?64236', '2018-04-12 03:52:58', '2018-04-12 03:52:58'),
(12, 25, 10, 'Autem ut eaque ex.', 'autem-ut-eaque-ex', 'Corrupti maxime officia ducimus atque saepe optio est magni. Magnam qui incidunt dolorem tenetur consectetur molestiae voluptate. Ipsam velit eum quia iusto nam. Nisi quisquam et eos impedit.', 'Molestias laborum aut ex sint blanditiis maiores asperiores assumenda. Expedita fugiat ab aut repudiandae sunt consequatur porro. Et modi delectus dolores non molestias sed illo. Rerum possimus fugiat repudiandae officia sit est ullam. Ut quis voluptatibus natus ut dolore sit. Dolores eum amet modi aliquam nisi. Perspiciatis alias sunt debitis illum. Et a voluptatibus et eos.', 'PUBLISHED', 'https://lorempixel.com/1200/400/?43784', '2018-04-12 03:52:58', '2018-04-12 03:52:58'),
(13, 5, 3, 'Inventore in voluptatem quasi.', 'inventore-in-voluptatem-quasi', 'Architecto molestiae ab tempora omnis quos. Earum id consequuntur earum. Voluptas possimus cum libero alias et aliquid error.', 'Quas est eveniet suscipit consequuntur in. Commodi iusto quas repellendus. Est officia nesciunt vel ipsum eum dolor explicabo sit. Nihil voluptatum accusamus consequatur ea suscipit incidunt quam. Consequatur in quibusdam inventore. Omnis aperiam alias sapiente aut dolor aut non. Nostrum maxime tenetur animi nisi. Quia iure facilis doloribus nisi magnam aut. Facere quisquam ea illum ad et enim in.', 'DRAFT', 'https://lorempixel.com/1200/400/?94327', '2018-04-12 03:52:58', '2018-04-12 03:52:58'),
(15, 10, 1, 'Est est aut placeat maiores.', 'est-est-aut-placeat-maiores', 'Laudantium totam nemo ipsa magnam deleniti unde quisquam. Aut qui possimus qui qui. Similique aspernatur quia nobis tempora fugiat optio.', 'Eius optio minus inventore. Culpa non sequi natus. Rerum praesentium similique quibusdam voluptatem. Quis optio dicta est natus accusamus. Aut incidunt optio tempora magnam deleniti. Aut necessitatibus libero quasi facilis beatae pariatur sint. Vel vel est qui voluptas et. Ea quas minima eum fuga incidunt exercitationem delectus. Quia totam dolorum iusto voluptas mollitia vel voluptas repudiandae. Quidem ea dolor natus odit tenetur.', 'PUBLISHED', 'https://lorempixel.com/1200/400/?88711', '2018-04-12 03:52:58', '2018-04-12 03:52:58'),
(17, 17, 14, 'Illum sit iure blanditiis ex.', 'illum-sit-iure-blanditiis-ex', 'Eum quo ipsam sequi rerum. Voluptatibus id totam vitae pariatur. Pariatur id eveniet eligendi ratione id nihil id.', 'Enim incidunt porro iusto. Deleniti et et excepturi enim. Ea eaque quo qui commodi iusto et minus. Occaecati eos non alias qui. Eius nobis est exercitationem autem dolorem occaecati iure. Illo et eos eligendi voluptas velit aut quis. Accusantium delectus et voluptas nobis et omnis. Nihil pariatur sunt quo rem nobis fugiat dolorem. Ab sint ut hic nam omnis quae. Est quod perferendis quia quasi id necessitatibus excepturi.', 'DRAFT', 'https://lorempixel.com/1200/400/?21601', '2018-04-12 03:52:58', '2018-04-12 03:52:58'),
(18, 4, 18, 'Quos nihil qui dolorem qui.', 'quos-nihil-qui-dolorem-qui', 'Et assumenda ab enim et. Ab quia nesciunt beatae itaque totam. Voluptate voluptas non vero impedit veniam impedit. Sint corrupti aut eveniet ipsa alias facilis.', 'Unde minus excepturi dicta vero sit perspiciatis. Incidunt voluptatem et voluptatem voluptatem laboriosam quidem. Sit nesciunt quis laboriosam adipisci voluptas inventore velit. Dicta unde placeat tenetur autem. Ipsam nam nisi cum sed. Magni consequatur et aut neque cumque. Non et dignissimos est atque.', 'PUBLISHED', 'https://lorempixel.com/1200/400/?34517', '2018-04-12 03:52:58', '2018-04-12 03:52:58'),
(19, 5, 17, 'Quod veritatis nihil quibusdam reprehenderit.', 'quod-veritatis-nihil-quibusdam-reprehenderit', 'Incidunt cum dolor atque in libero ut fuga. Delectus iure in cum. Aut vel animi rerum in deserunt. Laborum sed dolore a minima non vero.', 'Neque et consequatur et omnis quos quisquam. Dolore nihil architecto quod quo. Quasi recusandae adipisci harum recusandae repellendus illo doloremque laborum. Impedit excepturi porro magnam ut est voluptatem. Ut eos vel sed est. Voluptates corrupti voluptatem blanditiis provident sit error. Aliquam nemo ea id. Distinctio ut saepe doloribus animi quos consequatur. Aut non adipisci sit officia culpa. Quia consequuntur qui ea est consectetur non. Et voluptas sit at voluptates aut odit dolor.', 'PUBLISHED', 'https://lorempixel.com/1200/400/?65744', '2018-04-12 03:52:58', '2018-04-12 03:52:58'),
(20, 19, 17, 'Sit nam non quae.', 'sit-nam-non-quae', 'Pariatur est harum aliquid aut vitae eum. Accusamus nobis eum et odio eum.', 'Ipsum in at aut rem nesciunt et. At et in tenetur omnis. Distinctio qui consequatur atque perferendis eum. Quibusdam unde hic tempore et necessitatibus. Qui sapiente quo dolor aut. Placeat velit voluptas laborum alias fugit laudantium. Et placeat quod magnam beatae. Ipsum quibusdam sunt voluptates facilis magnam. Facere expedita porro ab quas. Nisi in et quae nesciunt. Tempore qui commodi ut enim est voluptatem qui sed.', 'DRAFT', 'https://lorempixel.com/1200/400/?47983', '2018-04-12 03:52:58', '2018-04-12 03:52:58'),
(21, 23, 19, 'Reiciendis iusto placeat aut.', 'reiciendis-iusto-placeat-aut', 'Sed maiores nihil aut. Ut ut nesciunt officia earum et corrupti. Omnis dignissimos quia aut quo cumque asperiores ratione.', 'Repudiandae et et maxime animi saepe. Expedita earum laborum ut distinctio qui ex neque. Dolorem quia distinctio ad omnis. Enim consectetur tempora aut corrupti. Molestiae nulla minima fugit repellat ut. Voluptas non qui ut ea suscipit culpa. Sint inventore tempora voluptas facere deserunt. Ut nesciunt enim mollitia ut nesciunt est odit. Voluptatem earum quibusdam quod quaerat temporibus quos accusantium. Id ipsum nostrum praesentium et. A quod dolor eveniet.', 'PUBLISHED', 'https://lorempixel.com/1200/400/?77233', '2018-04-12 03:52:58', '2018-04-12 03:52:58'),
(22, 25, 18, 'In in deleniti doloribus dolor.', 'in-in-deleniti-doloribus-dolor', 'At dolores a voluptatibus qui. Esse hic ad voluptatum recusandae. Maiores totam quia vel itaque.', 'Facilis nihil beatae consectetur magni sapiente iure sint. Rem est dignissimos unde. Et sapiente nam sint. Veritatis harum adipisci et ut iure commodi ipsa. Quae animi ullam suscipit sit voluptatem aliquam labore. Ea consequuntur numquam quibusdam quibusdam et recusandae corrupti possimus. Omnis perferendis vero impedit in consequatur. Consequatur voluptatem ad nulla animi ex reprehenderit doloremque ea. Molestiae quis et necessitatibus praesentium ipsam.', 'PUBLISHED', 'https://lorempixel.com/1200/400/?10808', '2018-04-12 03:52:59', '2018-04-12 03:52:59'),
(23, 20, 15, 'Corrupti possimus quaerat minus in.', 'corrupti-possimus-quaerat-minus-in', 'Temporibus nulla enim ducimus necessitatibus. Autem nam et sit est. Quis doloremque temporibus optio ut sed sapiente. Est recusandae perspiciatis quia fugiat quidem neque.', 'Dolor officiis tempore ut perferendis impedit magnam exercitationem. Tempora illo et iure vitae odio unde. Ut architecto atque voluptas dolor ipsa. Dolore dignissimos voluptate voluptatem eum deleniti aut. Ipsam vel odit delectus et. Et omnis praesentium qui necessitatibus aperiam repudiandae labore. Magnam delectus consequuntur est illum beatae doloribus. Omnis occaecati consequatur et et officiis quis. Magni maiores deleniti cupiditate iste incidunt.', 'DRAFT', 'https://lorempixel.com/1200/400/?33284', '2018-04-12 03:52:59', '2018-04-12 03:52:59'),
(24, 21, 13, 'Quibusdam delectus provident ut.', 'quibusdam-delectus-provident-ut', 'Eaque nemo sint exercitationem quaerat veritatis. Nobis possimus optio enim dicta ut suscipit magni. Rerum qui provident fuga facere delectus reiciendis.', 'Porro ipsum cumque sit non est laboriosam nesciunt. Saepe eius excepturi eum omnis exercitationem illo. Nisi quasi sunt suscipit velit. Vero officia illum excepturi occaecati. Fugiat at omnis molestias quam quidem qui officia. Corporis incidunt amet ut ab. Ullam iusto aut in. Itaque modi est officia autem. Rem dolor tenetur quia est repellendus. Eos vitae temporibus animi sed et.', 'PUBLISHED', 'https://lorempixel.com/1200/400/?95457', '2018-04-12 03:52:59', '2018-04-12 03:52:59'),
(25, 16, 13, 'Ut et sit accusantium non non.', 'ut-et-sit-accusantium-non-non', 'Voluptas ut eum assumenda veritatis aliquid. Qui voluptate hic voluptatem dolore. Et dolore sunt laudantium aliquid omnis.', 'Iure aperiam sapiente et. Aut recusandae ullam perferendis. Dicta at tempore occaecati dolores voluptate molestiae ipsa tempora. Qui a consectetur magni. Qui magnam adipisci ut illo rerum nesciunt fugit. Qui sed est vero eum vel sit soluta. Voluptates non ratione labore facilis voluptatem. Aut voluptatem reprehenderit facilis impedit qui. Quis placeat asperiores voluptatem eum voluptatem officia.', 'DRAFT', 'https://lorempixel.com/1200/400/?10134', '2018-04-12 03:52:59', '2018-04-12 03:52:59'),
(26, 22, 5, 'Et nihil beatae quia vel et.', 'et-nihil-beatae-quia-vel-et', 'Laudantium harum ducimus consequuntur in. Et dolorem autem laboriosam et. Quo cumque est animi explicabo. Eligendi alias alias non ut sint qui.', 'Mollitia ut adipisci voluptatibus eum odit. Dolores excepturi esse unde rerum dolor laudantium facilis architecto. Aut sed reprehenderit et rerum expedita aut. Voluptatibus qui id quis vel atque eos iusto quas. Ipsum est ipsam et odit. Amet reprehenderit voluptate esse enim possimus fugiat. Vel cum assumenda dolorum voluptate in. Dolorum dolorem eveniet veniam eos.', 'DRAFT', 'https://lorempixel.com/1200/400/?86086', '2018-04-12 03:52:59', '2018-04-12 03:52:59'),
(27, 18, 9, 'Ipsam magnam at.', 'ipsam-magnam-at', 'Quia aut exercitationem harum nihil. Est magni nam iusto autem nulla ut architecto. Animi laboriosam vero ipsam velit nesciunt aut.', 'Est alias officiis voluptates atque recusandae ab nobis. Accusantium sit ducimus et voluptatum modi. Officiis aliquam doloribus aut rerum id non eaque. Beatae incidunt minima expedita unde adipisci. Ut vitae est rerum esse est quis. Tempore nulla a fugiat qui dolor nam dignissimos est. Placeat aliquid officia veniam cumque autem nulla odit perferendis. Quo dignissimos dolores non deleniti est soluta maxime. Mollitia vitae vero omnis accusamus qui quod velit corporis.', 'PUBLISHED', 'https://lorempixel.com/1200/400/?21285', '2018-04-12 03:52:59', '2018-04-12 03:52:59'),
(29, 18, 11, 'Labore adipisci qui est minima.', 'labore-adipisci-qui-est-minima', 'Tenetur nulla est fugiat est ea. Incidunt aut qui itaque reiciendis incidunt optio expedita. A ducimus possimus excepturi reprehenderit.', 'Sit voluptas temporibus nam autem alias asperiores cumque. Ullam ipsam autem non et. Et repellendus consequatur et. Hic vero magnam sed ullam labore itaque error. Culpa est nostrum exercitationem necessitatibus. Eaque et iure blanditiis aperiam dignissimos odio dolore. Animi accusantium explicabo molestiae quaerat aut vel quis voluptatem. Reprehenderit ipsa quia et molestias sit.', 'PUBLISHED', 'https://lorempixel.com/1200/400/?57074', '2018-04-12 03:52:59', '2018-04-12 03:52:59'),
(30, 20, 15, 'Rerum odit inventore quia ab.', 'rerum-odit-inventore-quia-ab', 'Quidem ut ut quis nostrum id maiores occaecati molestias. Nihil ex at distinctio maiores voluptas iusto. Est voluptatum reprehenderit maiores voluptas aut cum sit.', 'Harum eos id corporis atque temporibus aliquid sint. Incidunt delectus et provident est sunt voluptatibus natus. Eligendi id omnis quas minus ipsum molestiae vel totam. Et qui a optio sit aut. Hic tenetur qui qui sit. Tenetur sequi omnis pariatur. Non unde iure nostrum aut. Est nulla repudiandae eum qui occaecati ex libero.', 'DRAFT', 'https://lorempixel.com/1200/400/?80033', '2018-04-12 03:52:59', '2018-04-12 03:52:59'),
(31, 22, 15, 'Tenetur doloremque et voluptas quisquam autem.', 'tenetur-doloremque-et-voluptas-quisquam-autem', 'Modi voluptates incidunt et vitae dolorem. Inventore vel eaque nam error iusto. Neque dolore atque culpa quidem qui sint.', 'Qui ipsa repellendus sequi libero voluptatem. Quidem laborum animi quo ipsum unde. Consequuntur sequi veniam asperiores quis odit enim aut. Rerum repudiandae deserunt deleniti ipsa ea. Cupiditate adipisci numquam totam. Sint sunt cumque aliquam maxime pariatur in non. Voluptatibus qui sit ad. Neque a ut doloribus eligendi. Mollitia minima saepe porro magni officia suscipit aut. Eum deleniti ratione ut eligendi nulla ea unde.', 'PUBLISHED', 'https://lorempixel.com/1200/400/?47013', '2018-04-12 03:52:59', '2018-04-12 03:52:59'),
(33, 22, 8, 'Modi eos excepturi odio recusandae.', 'modi-eos-excepturi-odio-recusandae', 'Quia et iusto voluptas sed sit. Velit porro architecto eligendi at sint sed. Architecto optio laboriosam velit. Enim voluptatem ducimus laudantium id tempora.', 'Et voluptate ea incidunt quia debitis et. Rem consectetur quia ad sint exercitationem cumque magnam. Ut dolor asperiores beatae autem. Molestiae aut et a ab. Dolores eum necessitatibus ut sint excepturi reiciendis. Ullam architecto ea error id laborum. Quia id harum quis temporibus vitae quia. Harum inventore odio voluptate in veritatis et. Et illum incidunt at rerum enim deleniti. Ipsam nostrum vel doloremque a velit. Aut harum id necessitatibus beatae. Voluptate est sapiente et.', 'DRAFT', 'https://lorempixel.com/1200/400/?76350', '2018-04-12 03:52:59', '2018-04-12 03:52:59'),
(34, 9, 4, 'Ex alias quae est.', 'ex-alias-quae-est', 'Quis nihil illum quia animi quos. Reprehenderit fugit velit tempore natus accusamus quis similique. Veniam qui earum sunt dolor et non aut et.', 'Dignissimos iste aut est aut. Reprehenderit et consequuntur eveniet laboriosam qui et. Id expedita incidunt qui quam quia consequatur. Rem et cum aut ut. Accusantium ut voluptas ipsum et ratione quas sunt. Culpa debitis laborum dignissimos dolorum deleniti quia. Id sunt eaque explicabo sed explicabo repellat et. Iusto excepturi voluptatem facilis. Perferendis tempore exercitationem sit amet ut et. Voluptas et unde iste expedita repellat aliquam.', 'DRAFT', 'https://lorempixel.com/1200/400/?25734', '2018-04-12 03:52:59', '2018-04-12 03:52:59'),
(35, 23, 8, 'Dolorem facilis recusandae sunt.', 'dolorem-facilis-recusandae-sunt', 'Assumenda laboriosam quisquam ut dolorum aspernatur dolorum a. Incidunt sint tempora fugiat.', 'Beatae dolorem dolorem aliquid ut ut. Aut vel in debitis assumenda quas similique reiciendis. Quia non perferendis consequatur aut libero qui. Officia ex voluptas perferendis facere. Iste quisquam molestiae omnis incidunt fugiat est totam. Provident corrupti in occaecati quia consequatur a non. Facilis sapiente ipsa aut voluptatem quos unde perferendis. Et odio omnis dolores qui nesciunt nemo. Corporis dicta in qui fugit.', 'DRAFT', 'https://lorempixel.com/1200/400/?85685', '2018-04-12 03:52:59', '2018-04-12 03:52:59'),
(36, 19, 16, 'Perferendis labore aut sapiente sint.', 'perferendis-labore-aut-sapiente-sint', 'Rem repellendus vel nam doloribus enim. Consequuntur laborum ut et. Exercitationem aut modi dolorem.', 'Consequatur modi distinctio reprehenderit excepturi et. Odio quia sint voluptatem quasi. Consequuntur maiores rerum non qui labore. Expedita totam autem consequatur sunt. Eligendi natus aperiam perspiciatis sapiente quos quo aliquam rerum. Corrupti velit vitae magni ab corrupti. Maxime ut fuga repellat asperiores rerum sunt sit. Repellat ipsum dolore necessitatibus. Suscipit perspiciatis praesentium officia temporibus fugiat. Minus expedita laboriosam a quia amet qui quam.', 'PUBLISHED', 'https://lorempixel.com/1200/400/?71532', '2018-04-12 03:52:59', '2018-04-12 03:52:59'),
(38, 14, 5, 'Facilis id dolorem.', 'facilis-id-dolorem', 'Omnis sit quia et sed natus perspiciatis. Consequatur aut aut repellendus itaque. Iusto voluptas quia distinctio sit sunt soluta aut.', 'Voluptates aut qui minima et labore iure quaerat. Consectetur tempore omnis aut sed. Nihil enim dolor recusandae quia omnis dolor. Quidem veritatis reprehenderit qui modi saepe illo mollitia reiciendis. Quo et sint aut alias id vitae mollitia et. Est provident optio vero inventore vel perferendis voluptates perspiciatis. Atque distinctio blanditiis dolorem nemo alias libero quos. Explicabo dolores sit temporibus ratione. Consequatur exercitationem sequi ad sunt odio. Quos cumque quis et.', 'PUBLISHED', 'https://lorempixel.com/1200/400/?90678', '2018-04-12 03:52:59', '2018-04-12 03:52:59'),
(39, 15, 2, 'Recusandae vel nemo illum voluptatum.', 'recusandae-vel-nemo-illum-voluptatum', 'Dolorum quis explicabo nostrum et minus qui quo. Officia et sed sit molestiae. Quibusdam quibusdam molestiae aut quaerat et pariatur mollitia.', 'Adipisci deleniti magni commodi et cum dignissimos molestiae aut. Molestiae debitis enim quia dolorum exercitationem. Aliquid dolorum possimus ut non numquam molestiae. Modi debitis illum incidunt voluptatem. Enim dolores delectus eos facilis aut aliquam quidem. Ratione laborum excepturi adipisci porro fugit.', 'PUBLISHED', 'https://lorempixel.com/1200/400/?75804', '2018-04-12 03:52:59', '2018-04-12 03:52:59'),
(40, 21, 4, 'Laudantium consequatur ipsam qui rerum similique.', 'laudantium-consequatur-ipsam-qui-rerum-similique', 'Neque in dolorem sed quaerat ducimus. Praesentium in inventore itaque et. Debitis maxime dolor et cumque voluptas ut. Ut quis voluptate tempore est. Rerum vel commodi aut voluptatem nam ut.', 'Atque eos officiis sit pariatur quasi dolor quia. Commodi expedita modi ea excepturi molestiae dolorem blanditiis vel. Adipisci similique corrupti eius eius totam. Odio reprehenderit excepturi quis voluptas libero necessitatibus. Delectus eaque libero similique aut qui dolorum nemo. Nam dicta ducimus sit non cum dolor non omnis. Qui perspiciatis sed culpa non nulla et. Sint suscipit velit eveniet. Reprehenderit eligendi fugiat fugit.', 'DRAFT', 'https://lorempixel.com/1200/400/?33423', '2018-04-12 03:52:59', '2018-04-12 03:52:59'),
(41, 3, 1, 'Voluptatem deserunt occaecati voluptatem natus.', 'voluptatem-deserunt-occaecati-voluptatem-natus', 'Perferendis maxime id sit dicta. Vitae et est tempora rerum ipsa voluptatem nam. Dolor tenetur qui consequatur in. Omnis distinctio consectetur qui voluptates aspernatur rem molestiae.', 'Numquam illo ut nisi iure. Repellat ea dicta molestiae. Id et sunt non qui molestiae. Distinctio voluptatum blanditiis nobis voluptatem. Consequuntur placeat ratione at repellat possimus aperiam quis. Minus eius dolorem est voluptas molestiae esse dicta. Debitis accusantium quas modi hic. Animi rerum aut commodi. Nemo consequatur recusandae qui quidem deserunt deleniti beatae praesentium. Quis dolor amet deserunt cupiditate est.', 'DRAFT', 'https://lorempixel.com/1200/400/?12066', '2018-04-12 03:52:59', '2018-04-12 03:52:59'),
(42, 25, 14, 'Magnam consequatur ipsum.', 'magnam-consequatur-ipsum', 'Beatae quia quibusdam eius ipsa. Rerum eum velit in accusamus. Assumenda quaerat dolores temporibus unde in velit. Officiis veritatis omnis eveniet praesentium magni.', 'Unde id aut velit vel qui ut ab. Rerum magni vitae aut voluptates voluptatem. Qui provident porro adipisci dolorum blanditiis velit ut. Suscipit blanditiis nemo repellat debitis. Distinctio quidem ex exercitationem consequatur. Reiciendis et esse nisi eos sapiente corporis. Quia ad odio numquam id iure fugit delectus minima.', 'DRAFT', 'https://lorempixel.com/1200/400/?32363', '2018-04-12 03:53:00', '2018-04-12 03:53:00'),
(43, 20, 13, 'Cupiditate error quasi modi doloremque.', 'cupiditate-error-quasi-modi-doloremque', 'Autem sint velit aspernatur consequuntur quo. Ab velit incidunt ducimus corporis quia sequi.', 'Dignissimos laudantium veritatis laudantium excepturi repudiandae eum. Hic qui autem facere voluptas laudantium dolor amet qui. Voluptate fuga minima autem sapiente explicabo beatae est et. Sequi esse expedita molestiae deserunt ut minima quia. Iure eos maxime reprehenderit possimus. Repellendus molestias facere quibusdam sit amet tempore.', 'DRAFT', 'https://lorempixel.com/1200/400/?35801', '2018-04-12 03:53:00', '2018-04-12 03:53:00'),
(46, 7, 7, 'Ut ex nisi.', 'ut-ex-nisi', 'Voluptatem id reprehenderit facilis quisquam dolores. Modi qui molestiae molestiae provident. Quos harum delectus et. Id non dicta recusandae quia. Officia quod soluta reiciendis voluptatum labore.', 'A deserunt numquam rem. Consequatur placeat aut in sit maiores itaque. Excepturi qui qui reiciendis et aliquid temporibus. Repudiandae quidem aspernatur quas et. Recusandae inventore quisquam quia numquam. Deleniti praesentium enim et esse doloribus. Sit est aliquam blanditiis aliquam. Impedit deleniti enim corrupti repellendus. Maiores consequatur ratione repellendus sequi est ipsam. Eligendi autem qui est quis ratione quia.', 'DRAFT', 'https://lorempixel.com/1200/400/?70487', '2018-04-12 03:53:00', '2018-04-12 03:53:00'),
(49, 22, 10, 'Libero suscipit a voluptates nemo ipsum.', 'libero-suscipit-a-voluptates-nemo-ipsum', 'Provident maxime nostrum quisquam molestiae iste totam consequatur. Sit eligendi itaque delectus provident ea reiciendis. Saepe sint ut amet asperiores impedit qui.', 'Ex provident nam veniam quo voluptatem dolore aut. Quaerat sunt sit cupiditate odio. Laudantium laboriosam nobis aut adipisci aut. Et laudantium sunt sunt voluptate. Non nostrum aut omnis recusandae veniam sed quaerat. Ut voluptas aut exercitationem iure cumque et molestias. Qui ut hic dignissimos laboriosam ipsa. Doloribus eos natus enim et officia dolorem. Harum beatae qui nam non quis. Et saepe aut dicta sapiente. Omnis nam quos fugiat ut nisi.', 'PUBLISHED', 'https://lorempixel.com/1200/400/?95101', '2018-04-12 03:53:00', '2018-04-12 03:53:00'),
(50, 10, 17, 'Temporibus laboriosam dolorem eligendi.', 'temporibus-laboriosam-dolorem-eligendi', 'Ipsa tempora sit error quia. Nostrum voluptates iure in. Labore totam odio labore perferendis non autem. Voluptas id voluptas et.', 'Dolorum id iure earum est ut sequi quod voluptates. Reprehenderit labore autem aliquam voluptatem. Numquam esse adipisci assumenda a repellat est enim. Dolores ipsa et ratione ut ipsam officia. Quia tempore ut molestiae voluptas harum ducimus ut. Nobis repellat ipsa et aliquid qui sit reiciendis. Ut facere aut saepe quis autem rem.', 'DRAFT', 'https://lorempixel.com/1200/400/?44732', '2018-04-12 03:53:00', '2018-04-12 03:53:00'),
(51, 8, 6, 'Qui rerum quo.', 'qui-rerum-quo', 'Ut ut adipisci officia sint accusamus odit corrupti. Ullam inventore vitae ut distinctio dignissimos enim. Labore eius fugiat repellat. Fuga quisquam ipsum aut et et eligendi.', 'Et sint atque architecto et qui eaque. Natus repellendus incidunt consequuntur dolores. Voluptatem omnis ea perferendis beatae. Quasi qui quia ut delectus. Voluptatem totam nemo laborum omnis cumque aliquam. Veritatis repellendus dignissimos quidem ut esse magni. Consequuntur perferendis excepturi sed ut pariatur. Consequatur quam et delectus in sed alias dolores. Et natus eligendi expedita ut. Et ab modi odit sed occaecati in. Illum dolores voluptas consequatur aut sint ullam.', 'PUBLISHED', 'https://lorempixel.com/1200/400/?16945', '2018-04-12 03:53:00', '2018-04-12 03:53:00'),
(52, 16, 2, 'Quo eos itaque est sequi.', 'quo-eos-itaque-est-sequi', 'Sint pariatur molestiae autem. Iste in consequuntur laboriosam consequatur excepturi.', 'Numquam eaque ullam culpa tempore quia. Explicabo est voluptatem libero neque est. Porro alias ipsa quod autem sint aperiam. Sunt quae ducimus illo qui aut. Officiis fugiat magni asperiores dignissimos mollitia molestiae accusantium vel. Eos omnis ea nostrum accusamus alias magni et. Vel repudiandae sequi aut iste. Aliquid omnis quia ad numquam voluptas accusamus. Sed recusandae ut ab omnis qui commodi. Alias est vel velit quia.', 'PUBLISHED', 'https://lorempixel.com/1200/400/?71690', '2018-04-12 03:53:00', '2018-04-12 03:53:00'),
(53, 11, 9, 'Dolore unde consectetur iste debitis.', 'dolore-unde-consectetur-iste-debitis', 'Voluptas quisquam cum nam nobis distinctio labore quod. Maiores ab sed repudiandae sit. Non dolorum non sit.', 'Ut vel maiores consequatur cum quo perspiciatis. Sunt tenetur maiores aut tempore adipisci. Labore numquam sapiente consequuntur eligendi est enim. Est inventore quaerat voluptas voluptas id molestiae. Saepe culpa in molestias. Animi laborum et a cum quam sit. Sapiente sit rerum aut consequatur saepe ipsa. Ipsum nihil minus quasi in quis.', 'DRAFT', 'https://lorempixel.com/1200/400/?14038', '2018-04-12 03:53:00', '2018-04-12 03:53:00'),
(55, 7, 17, 'Nisi sit rem eveniet sapiente.', 'nisi-sit-rem-eveniet-sapiente', 'Voluptate voluptate dolorem saepe rem debitis consequuntur voluptatem. Quod omnis corporis atque eum quisquam sunt. Soluta ut sit iure vitae beatae. Sit alias rerum ab qui maiores omnis.', 'Provident voluptatem quae possimus iusto. Id voluptatem voluptates est quia velit tempore adipisci. Sed voluptas nemo suscipit sunt. Natus et rem cumque nostrum et corrupti exercitationem. Eligendi inventore et ut ut quasi nobis. Totam totam et harum vitae praesentium molestiae quia omnis. Ut possimus rerum quasi ratione. Ullam omnis architecto perspiciatis et perferendis illum facere. Ut eos aut ex rem. Necessitatibus quaerat culpa itaque repellat iusto quisquam et.', 'PUBLISHED', 'https://lorempixel.com/1200/400/?12655', '2018-04-12 03:53:00', '2018-04-12 03:53:00'),
(56, 17, 2, 'Repellat aut quia sed.', 'repellat-aut-quia-sed', 'Nihil accusamus aut temporibus excepturi fuga quia aut occaecati. Et aut iusto atque et laboriosam eligendi. Voluptatem sequi in voluptatum maiores.', 'Quia sequi occaecati corporis qui fuga recusandae. Dolor sit deleniti est officia sint hic repellat. Eum ducimus accusamus omnis maiores minus et. Distinctio quo omnis ipsum quo. Qui voluptas qui harum non saepe esse. Temporibus ut cum vitae eos. Molestias labore illo enim voluptas necessitatibus et. Dolorem soluta repellat qui rerum velit occaecati. Quia facilis soluta et architecto. Aut itaque molestias nobis sequi nisi saepe.', 'PUBLISHED', 'https://lorempixel.com/1200/400/?65112', '2018-04-12 03:53:00', '2018-04-12 03:53:00'),
(57, 17, 16, 'Voluptas adipisci dolore.', 'voluptas-adipisci-dolore', 'Qui pariatur quibusdam vel. Qui fugiat maiores quis quia aut deleniti voluptatibus. Quas tenetur fugiat odio sint.', 'Ab non et ut omnis et est est. Esse enim modi illum eos velit aut. Eos nesciunt assumenda cupiditate adipisci. Ab sint nam recusandae et commodi vero ad. Rerum veritatis beatae earum similique. Ut voluptatem totam sed tempore perspiciatis nobis similique. Aut voluptatum maiores ipsa minima dicta enim consequatur. Harum quis quo nihil debitis. Dolorum ipsa corrupti aut accusantium cupiditate sit vitae quas.', 'PUBLISHED', 'https://lorempixel.com/1200/400/?13651', '2018-04-12 03:53:00', '2018-04-12 03:53:00'),
(58, 25, 11, 'Non dolor est consectetur.', 'non-dolor-est-consectetur', 'Similique magnam provident perspiciatis quaerat. Vero modi dolor natus ad velit rerum. Maiores sint quidem impedit reprehenderit hic amet.', 'Explicabo doloribus mollitia officia repudiandae minus. Qui doloremque rerum qui quis. Omnis non ut eveniet. Voluptates mollitia repellendus eligendi veniam illo. Quo qui maxime voluptatem ipsa. Autem est qui consequatur quia quia nulla ullam vero. Et unde maxime odio aliquam aperiam. Beatae necessitatibus corrupti aut autem magnam ut. Minus quis itaque quis amet aut ut. Quaerat laudantium qui architecto molestiae labore quo.', 'PUBLISHED', 'https://lorempixel.com/1200/400/?15485', '2018-04-12 03:53:00', '2018-04-12 03:53:00'),
(59, 18, 5, 'Dolor ut voluptatum ut totam.', 'dolor-ut-voluptatum-ut-totam', 'Cumque vitae voluptatem autem. Vitae labore assumenda rerum debitis omnis qui iure nostrum. Est mollitia deleniti recusandae repellat ipsum. Nemo debitis incidunt officiis vitae quibusdam saepe.', 'Odio tempora distinctio quia dolorem. Enim minima ut ex ullam nobis nihil. Corporis debitis magnam velit aut dolorem praesentium. Et aliquid qui harum. Recusandae distinctio doloribus reiciendis ducimus harum. Perferendis alias sapiente ut ut enim qui harum. Molestias voluptas et quibusdam vitae. Non dolorum officia qui. Voluptatum temporibus sed exercitationem quidem sit. Dolorem aliquam voluptatibus earum. Magnam fuga culpa earum non. A voluptas omnis minus sint qui sint.', 'DRAFT', 'https://lorempixel.com/1200/400/?94780', '2018-04-12 03:53:00', '2018-04-12 03:53:00'),
(60, 21, 18, 'Nam necessitatibus sunt.', 'nam-necessitatibus-sunt', 'Et quisquam fugit tenetur magni. Minima odit quo tempore voluptate. Dolore cum voluptate quia veritatis. Cum culpa soluta quis assumenda.', 'Nobis repellendus minima velit accusamus. Quibusdam modi esse non qui quia et. Illum et vel sed illum unde perspiciatis. Quia nam earum qui. Consectetur et sequi dolores facere aperiam fugit. Non fugiat quis dicta mollitia autem eaque deserunt voluptatum. Ut quis odio accusantium odio numquam. Est quos quod molestiae cupiditate qui. Ullam quod a qui ut eaque quia. Occaecati nesciunt et nulla dolorem ducimus hic optio.', 'DRAFT', 'https://lorempixel.com/1200/400/?44010', '2018-04-12 03:53:00', '2018-04-12 03:53:00'),
(61, 2, 8, 'Sapiente repellat accusantium.', 'sapiente-repellat-accusantium', 'Earum ut aut ut. Voluptate sequi molestiae velit distinctio molestiae iure impedit. Optio nihil laudantium cumque et accusamus ad nobis. Sed explicabo est assumenda aliquam quibusdam asperiores ut.', 'Ut id in qui hic veniam illum. Id soluta id eligendi itaque nihil quisquam iusto. Ut qui animi suscipit ut modi. Perferendis in quaerat ipsum est aliquam occaecati commodi voluptates. In eos quo porro asperiores dolor sed dolorem. Iure officia aliquid dolor earum neque minima nobis. Neque possimus eveniet voluptatem. Impedit sint sint qui qui ut inventore. Perspiciatis omnis fugit consectetur ipsam. Labore quia quia assumenda. Et quis dolore id incidunt.', 'DRAFT', 'https://lorempixel.com/1200/400/?34177', '2018-04-12 03:53:01', '2018-04-12 03:53:01'),
(62, 20, 5, 'Eum dolorem voluptas provident rem.', 'eum-dolorem-voluptas-provident-rem', 'Dolor quis qui eaque. Sint qui nulla ab tenetur ad.', 'Aperiam molestiae harum ullam commodi qui. Quia quae doloremque a ab numquam. Provident consectetur autem nihil nobis ipsam. Laborum sapiente inventore quos quis eveniet. Vel molestiae voluptatem excepturi libero ad optio. Quae sint ea autem eligendi minima occaecati aut. Nihil odio est illo consequatur sed. Officia voluptatem sit aliquid sed.', 'DRAFT', 'https://lorempixel.com/1200/400/?54840', '2018-04-12 03:53:01', '2018-04-12 03:53:01'),
(63, 5, 4, 'Consequatur incidunt nobis et.', 'consequatur-incidunt-nobis-et', 'Amet commodi ex pariatur soluta. Hic consequatur quaerat temporibus quia eveniet aut minus quia. Sunt itaque fugiat et ut et.', 'Itaque facere sit cumque. Et necessitatibus facilis impedit placeat velit. Occaecati asperiores voluptatem ullam asperiores. Consequatur est aut nihil earum ex illum consequatur nesciunt. Ipsam et non soluta asperiores quidem. Recusandae consequatur ut voluptas quis nobis. Laboriosam natus excepturi at. Nulla facilis voluptatem tenetur quo doloribus corporis quam nostrum. Consequatur et illum id ratione. Eveniet molestiae illo qui aut optio. Molestiae sed et odio earum officiis et debitis.', 'PUBLISHED', 'https://lorempixel.com/1200/400/?19387', '2018-04-12 03:53:01', '2018-04-12 03:53:01'),
(64, 21, 4, 'Quibusdam modi facilis illo a voluptas.', 'quibusdam-modi-facilis-illo-a-voluptas', 'Error ut quia iure. Sint debitis esse nobis reprehenderit. Saepe qui rerum atque natus voluptatibus. Voluptatem magnam beatae vero veniam quo dolorum et.', 'Molestiae dolore voluptatem omnis illo pariatur. Doloremque aliquid quas dolorem sint. Aut praesentium aut id nihil. Sit amet asperiores distinctio est sed cumque ex. Dolor nisi velit atque possimus commodi voluptatibus quisquam aut. Officiis dolore adipisci quibusdam laudantium. Temporibus impedit dolore sint vel. Pariatur voluptate beatae animi ipsum provident.', 'PUBLISHED', 'https://lorempixel.com/1200/400/?32448', '2018-04-12 03:53:01', '2018-04-12 03:53:01'),
(66, 8, 17, 'Repudiandae sapiente fugiat.', 'repudiandae-sapiente-fugiat', 'Omnis facere architecto quia et a nihil et. Est voluptate temporibus architecto alias commodi. Voluptate explicabo voluptatem minima voluptas ipsam ratione odit. Dolorum ut odio perspiciatis vel.', 'Possimus rerum voluptatem qui dolores. Distinctio et ea nihil fuga nobis aliquam. Sed culpa reprehenderit et. Ab quibusdam quam quidem commodi voluptas ipsa necessitatibus dolores. Veritatis natus minus eum voluptate. Harum pariatur enim architecto maiores magni cupiditate. Et sunt optio exercitationem. Debitis aliquam vel est debitis eos beatae libero. Quia ab ratione in. Impedit fuga vitae dolores est nulla enim.', 'DRAFT', 'https://lorempixel.com/1200/400/?95968', '2018-04-12 03:53:01', '2018-04-12 03:53:01'),
(67, 20, 11, 'Velit quo ut quis et dolore.', 'velit-quo-ut-quis-et-dolore', 'Et esse est vero pariatur. Nostrum rerum explicabo voluptatem. Nemo rerum quia et beatae omnis. Sapiente debitis magnam sapiente delectus asperiores.', 'Consequatur rerum ab officia quae nam. Eum voluptatum quidem blanditiis recusandae. Numquam est praesentium est quidem quaerat itaque nihil. Et ut sequi necessitatibus placeat est qui quasi. Ut alias consequuntur quis id nam. Iusto totam aperiam magni error eligendi. Non veniam sed et rem minima eligendi cum.', 'DRAFT', 'https://lorempixel.com/1200/400/?28743', '2018-04-12 03:53:01', '2018-04-12 03:53:01'),
(68, 10, 16, 'Reprehenderit qui nostrum nostrum.', 'reprehenderit-qui-nostrum-nostrum', 'Non qui ut ea praesentium suscipit. Sed incidunt veritatis et sequi rerum.', 'Aut earum rerum aspernatur consequuntur qui quod pariatur. Quasi tempore ducimus nihil harum voluptatem. Temporibus hic voluptate rerum sapiente cum. Ut dolorem est alias sit ipsum. Delectus voluptatum est in soluta. Reiciendis eos aspernatur aut voluptatem earum. Dolorum nobis quod dolorem quis. At repudiandae dolore est voluptas vitae. Ullam officia doloremque dolorem ut accusamus fuga illum. Quo est voluptatum fugit tempore est est.', 'DRAFT', 'https://lorempixel.com/1200/400/?34680', '2018-04-12 03:53:01', '2018-04-12 03:53:01'),
(70, 10, 2, 'Delectus aut eum exercitationem.', 'delectus-aut-eum-exercitationem', 'Libero et dolor et dolorum. Eius sint et consequatur. Maxime reiciendis voluptatem expedita. Pariatur eius non doloribus. Amet qui repellendus ipsa.', 'Eos inventore repellat commodi molestiae adipisci quibusdam ut. Quia qui minima quos eius voluptatibus mollitia. Nemo non nisi impedit accusantium similique reprehenderit officia. Accusantium deleniti sed accusantium eveniet. Et et aut qui suscipit numquam ut rerum vel. Ipsum beatae est inventore mollitia quidem occaecati omnis.', 'PUBLISHED', 'https://lorempixel.com/1200/400/?59718', '2018-04-12 03:53:01', '2018-04-12 03:53:01'),
(71, 25, 19, 'Quia distinctio voluptas exercitationem.', 'quia-distinctio-voluptas-exercitationem', 'Esse odio est doloremque architecto. Nemo magnam tempora fuga illum ut eligendi porro. Tempore et et voluptatum rem maxime eum sed. Eligendi hic excepturi excepturi placeat iste inventore repellat.', 'Culpa rerum nam eaque enim tempore. Ad autem sit aut. Cum rem beatae ipsum non consequatur exercitationem. Ullam maxime labore facilis necessitatibus quis et. Hic aut molestiae voluptate sapiente eligendi. Quam praesentium quisquam eveniet in vel voluptas. Sint rerum quae et ut et animi. Est inventore tenetur exercitationem molestiae sunt ut. Iste aperiam labore occaecati quia occaecati saepe.', 'DRAFT', 'https://lorempixel.com/1200/400/?18770', '2018-04-12 03:53:01', '2018-04-12 03:53:01'),
(72, 9, 8, 'Consequatur et delectus totam consequatur nam.', 'consequatur-et-delectus-totam-consequatur-nam', 'Magni repudiandae suscipit sunt deserunt omnis repudiandae quaerat tempora. Et unde voluptatem numquam dolorem. Non rerum quia iste et facilis libero et id.', 'Ut et quaerat alias totam. Eum vitae eos rerum delectus assumenda. Suscipit asperiores sed corrupti maxime sapiente. Soluta similique non aut enim cupiditate exercitationem. Exercitationem et repudiandae voluptatibus ipsam pariatur. Voluptas soluta facilis voluptatem animi debitis. Provident maiores dolores delectus sit. Quia atque aut sequi amet ut. Qui consequatur explicabo earum amet sunt omnis. Voluptas vel alias consequuntur quos id quod. Sit reiciendis in recusandae nemo cumque et qui ut.', 'DRAFT', 'https://lorempixel.com/1200/400/?61689', '2018-04-12 03:53:01', '2018-04-12 03:53:01'),
(74, 20, 15, 'Temporibus tempore consequatur.', 'temporibus-tempore-consequatur', 'Consequuntur iure nemo eius et libero temporibus quos. Accusamus et quasi commodi tenetur aperiam dolorem. Dolores pariatur officiis cupiditate ducimus eum et odio.', 'Nisi amet dolorem voluptas rerum. Quia aut aliquid ut accusantium aliquid dicta magnam. Id fugit facilis a tenetur neque vero incidunt ipsum. Dolorem non quos quidem quasi occaecati. Fugiat omnis ut eum facilis facere voluptas itaque sequi. Magni et deserunt doloribus qui corrupti rerum. Aspernatur consequatur dignissimos sit sed quasi distinctio minus. Tempora in hic officiis earum nemo dolor. Reprehenderit et beatae officia et. Animi autem voluptas tempore molestiae qui.', 'PUBLISHED', 'https://lorempixel.com/1200/400/?58929', '2018-04-12 03:53:01', '2018-04-12 03:53:01'),
(75, 13, 4, 'Sed aut aut.', 'sed-aut-aut', 'Velit aut perferendis voluptatem dolor cumque qui qui. Et qui enim voluptas velit. Qui in placeat cupiditate consequuntur. Est et eaque rerum soluta eum rerum cumque.', 'Unde quasi eaque amet sit magni saepe. Nobis at veniam tenetur numquam sapiente. Iure et et nulla ducimus et illo delectus quibusdam. Debitis et voluptatem nihil. Et non voluptatem rerum rerum. Rerum veritatis veritatis illo tenetur doloribus alias dignissimos delectus. Nobis dolorem exercitationem accusamus sunt et consectetur. Minima dolorum atque necessitatibus. Et veritatis est qui. Iste sed mollitia consequuntur placeat. Harum excepturi assumenda impedit similique.', 'DRAFT', 'https://lorempixel.com/1200/400/?71825', '2018-04-12 03:53:01', '2018-04-12 03:53:01'),
(76, 12, 16, 'Voluptas officiis libero doloribus enim est.', 'voluptas-officiis-libero-doloribus-enim-est', 'Veniam suscipit est qui inventore. Ut et earum vitae cum quidem consequatur. Qui amet est delectus quia.', 'Molestias ut at qui et. Ratione dolorem aut nulla aut nemo. Vitae in quo ex at. Repellat ratione commodi ex rem perspiciatis. Maiores optio consectetur laborum nemo atque tenetur sint. Dicta voluptatem nisi rerum dignissimos. Minima impedit sit consequatur enim voluptatem facere et. Ducimus itaque incidunt voluptatum sit doloremque. Vero consectetur modi itaque quaerat vero aut maiores. Id aperiam quis consequatur expedita laborum. Quaerat nisi similique perferendis voluptatem nesciunt est.', 'DRAFT', 'https://lorempixel.com/1200/400/?78381', '2018-04-12 03:53:01', '2018-04-12 03:53:01'),
(77, 3, 19, 'Sed magnam inventore.', 'sed-magnam-inventore', 'Sed sed occaecati optio vel autem quis rerum. Accusantium necessitatibus qui et quam. Voluptates voluptas ut labore consectetur.', 'Nihil minus saepe magni in quia. Fugiat ullam pariatur nulla ex ipsam qui ea deleniti. Est perspiciatis et quaerat vero consequuntur reiciendis. Voluptatem odit incidunt sequi quibusdam repellendus ut. Nemo quibusdam qui repellat possimus. Magnam perferendis est nihil quos voluptatibus exercitationem culpa. Modi nisi rerum harum consequuntur esse. Minus voluptate quia sunt ad. Unde iusto quo nisi est cupiditate.', 'DRAFT', 'https://lorempixel.com/1200/400/?91851', '2018-04-12 03:53:01', '2018-04-12 03:53:01'),
(80, 11, 14, 'Ut cupiditate hic.', 'ut-cupiditate-hic', 'Consequatur nemo voluptas vero recusandae fuga corporis. Ut harum molestiae maxime ut ut vitae. Quisquam perferendis ut beatae provident iste quia nulla.', 'Asperiores commodi ut cupiditate aut. Et suscipit sit voluptatibus nobis illum. Dolorem totam quis fugit eos. Asperiores occaecati autem veritatis nihil autem maxime corrupti. Quia quae molestiae quos. Totam exercitationem atque modi error deleniti. Deserunt aliquid quo dolorum neque hic expedita nulla. Tenetur aut maiores placeat saepe voluptatem dolorem.', 'PUBLISHED', 'https://lorempixel.com/1200/400/?88154', '2018-04-12 03:53:01', '2018-04-12 03:53:01'),
(81, 12, 17, 'Fugiat temporibus facilis.', 'fugiat-temporibus-facilis', 'Asperiores sunt et totam explicabo voluptate maiores sint. Saepe saepe sit sed numquam et consequatur. Nostrum perspiciatis amet aut officiis.', 'Aliquam itaque eum est. Porro quidem nesciunt sed necessitatibus est quia nihil. Quo vero explicabo id soluta voluptatem eos occaecati dolor. Commodi ut beatae et qui blanditiis laudantium atque. Ratione odit et vero aut qui accusantium non. Similique aspernatur repudiandae voluptatem debitis dolor unde ut cum. Vel natus dolore qui et laborum. Illum totam aliquid repellat rem dolores blanditiis id. Consequatur possimus est nostrum quia quisquam maxime.', 'DRAFT', 'https://lorempixel.com/1200/400/?95423', '2018-04-12 03:53:01', '2018-04-12 03:53:01'),
(82, 1, 5, 'Eveniet praesentium culpa.', 'eveniet-praesentium-culpa', 'Et et nihil fugiat maxime voluptate eius nostrum. Provident illo autem aut repellat natus id iure non. Molestiae aut et aliquam rem.', 'Ab veniam quis consequuntur consequuntur quibusdam tempore aliquid. Iste neque repellendus perspiciatis cumque provident id dolorem. Qui laborum mollitia aut voluptas hic vel. A est et tenetur ut. Assumenda vitae facere ipsa iste voluptas blanditiis. Qui similique rerum eum vel et. Quia sapiente eveniet hic consectetur. Laborum perspiciatis sit est. Vel et consectetur rerum. Suscipit exercitationem repudiandae ipsum corporis odio.', 'PUBLISHED', 'https://lorempixel.com/1200/400/?61416', '2018-04-12 03:53:01', '2018-04-12 03:53:01');
INSERT INTO `posts` (`id`, `user_id`, `category_id`, `name`, `slug`, `excerpt`, `body`, `status`, `file`, `created_at`, `updated_at`) VALUES
(85, 14, 9, 'Possimus praesentium qui enim in.', 'possimus-praesentium-qui-enim-in', 'Suscipit illum inventore laudantium animi et assumenda neque. Consequatur laboriosam ipsum error sit animi amet. Et aliquid non asperiores vitae optio.', 'Enim facere ut quibusdam accusantium provident. Eum perspiciatis ut quidem. Aliquam vitae et temporibus voluptas accusamus. Voluptate velit omnis eveniet quia qui perspiciatis. Ratione nulla qui laboriosam ad molestiae. Quidem temporibus laudantium numquam delectus saepe. Autem ratione eum quaerat ut et. Velit fuga eum adipisci nobis. Incidunt dignissimos vitae labore quo. Totam rerum ut voluptas debitis in atque id voluptas.', 'PUBLISHED', 'https://lorempixel.com/1200/400/?86420', '2018-04-12 03:53:02', '2018-04-12 03:53:02'),
(86, 18, 12, 'Dolor quia odio repellendus.', 'dolor-quia-odio-repellendus', 'Ut corporis quia laudantium fugiat quod. Vitae qui aut quae molestiae. Quia eveniet eum libero molestiae aliquam optio. Reiciendis sint occaecati et dolorum placeat.', 'Sit explicabo consectetur est aliquam est repellat exercitationem aut. Hic et ipsum architecto nostrum. Odio voluptatem ut consequatur soluta est. Adipisci quia accusantium praesentium nobis. Incidunt quidem quas cumque autem. Et perspiciatis optio non magni dignissimos officia consequatur. Nihil voluptatibus ut voluptas molestiae. Quibusdam sed quia quod mollitia ab animi iste. Et omnis eveniet et aut. Repudiandae inventore et odit nemo.', 'DRAFT', 'https://lorempixel.com/1200/400/?51563', '2018-04-12 03:53:02', '2018-04-12 03:53:02'),
(87, 9, 9, 'Illo officia molestias sit officiis.', 'illo-officia-molestias-sit-officiis', 'Eveniet fugit aut recusandae saepe quis est temporibus. Doloribus repudiandae qui culpa nam quasi non autem. Unde ut animi ipsam quibusdam et dolores quod.', 'Dolores quod veniam corporis iste aut aut. Laudantium et sequi id facilis sunt labore nisi. Odio dolores totam quia ab tempore. Et nemo tempore vero maiores. Est velit similique ut odit voluptatum ab. Labore voluptas hic laudantium commodi dolores. Sed tempore sequi quos voluptas ipsum et nesciunt. Molestiae veritatis eveniet recusandae facilis consequuntur. Odit inventore ipsum excepturi est commodi tempore incidunt. Quia qui earum nulla et.', 'DRAFT', 'https://lorempixel.com/1200/400/?60593', '2018-04-12 03:53:02', '2018-04-12 03:53:02'),
(89, 3, 10, 'Accusamus natus inventore placeat.', 'accusamus-natus-inventore-placeat', 'Vel doloribus aut porro aliquam deleniti quaerat. Iure sapiente natus ut ut repudiandae porro cum. Eum et eos voluptatem repellat iste.', 'Ut voluptas facere ut vitae voluptatem perspiciatis quos minus. Vero sit et officiis aspernatur et dolorem facilis. Distinctio alias non eum labore. Aliquid saepe dolores quisquam sed eos enim tempore quia. Et consequatur cum quasi similique tenetur qui. Numquam suscipit voluptas sint tempore ut. Quia voluptatum odit unde deserunt. Inventore animi dolores dolor voluptatem. Est eum et aspernatur doloribus earum est. Id nesciunt nobis sunt a. Quas sed est fugit.', 'DRAFT', 'https://lorempixel.com/1200/400/?51101', '2018-04-12 03:53:02', '2018-04-12 03:53:02'),
(90, 12, 7, 'Minus dolor fugiat.', 'minus-dolor-fugiat', 'Qui fuga iste vero dolor corporis optio. Temporibus distinctio harum pariatur aut velit commodi. Quis cum dignissimos eos et unde. Ducimus tenetur impedit unde accusantium aut id non.', 'Quia et sequi blanditiis nam. Tenetur debitis consequatur quo. Qui cupiditate ea adipisci inventore odit quis non hic. Enim aperiam ipsa iusto et ipsa. Nihil aut quia rerum rerum et itaque. Et debitis quia sequi eos. Dolor velit pariatur laborum quos repellat. Voluptatem nam pariatur fugiat temporibus et. Dignissimos itaque earum saepe assumenda. Est non neque autem. Qui aspernatur porro aspernatur nemo. Accusantium minus repellat rerum aut rem. Possimus fuga et excepturi dolorum iure aliquid.', 'PUBLISHED', 'https://lorempixel.com/1200/400/?54420', '2018-04-12 03:53:02', '2018-04-12 03:53:02'),
(91, 3, 10, 'Repellendus vero repellat expedita.', 'repellendus-vero-repellat-expedita', 'Fuga qui voluptate non omnis suscipit assumenda a. Dignissimos minima culpa et accusantium nam sed. Ut delectus debitis quia aliquid.', 'Quaerat accusantium perferendis ipsa consequatur. Ut consequatur voluptatem explicabo commodi. Sapiente fuga pariatur ratione quasi delectus odio. At soluta nesciunt odit ea laudantium numquam. Consequatur iure ab dolorem dolores. Qui quia ut cum. Et delectus sapiente rem ipsam dolor. Id quam molestias cum earum. Non molestiae excepturi occaecati repellat aspernatur ut. Qui magni voluptatum natus aut cum.', 'DRAFT', 'https://lorempixel.com/1200/400/?59692', '2018-04-12 03:53:02', '2018-04-12 03:53:02'),
(93, 1, 16, 'Consequatur voluptatem provident eaque.', 'consequatur-voluptatem-provident-eaque', 'Eos quis aspernatur voluptatibus ducimus ex asperiores et. Dolores consequuntur placeat quas rem quia rerum voluptates. Illum dicta iusto tempora. Et est voluptas voluptatem tenetur dolorum ex.', 'Et occaecati ut voluptatum quo libero rerum porro quo. Explicabo cupiditate voluptatibus et harum nesciunt quod. Dolorum voluptatem eligendi assumenda mollitia tempore. Vitae nobis et labore cupiditate necessitatibus. Voluptate qui adipisci explicabo facere voluptas. Soluta repudiandae omnis accusantium ea. Qui provident saepe architecto accusamus quos illo consectetur. Repudiandae laborum doloremque qui aperiam. Veritatis itaque maiores dolores dolorem omnis.', 'PUBLISHED', 'https://lorempixel.com/1200/400/?44059', '2018-04-12 03:53:02', '2018-04-12 03:53:02'),
(94, 5, 5, 'Veritatis qui at rerum fugit.', 'veritatis-qui-at-rerum-fugit', 'Hic est praesentium in doloremque commodi. Deserunt quia quia voluptates autem consequatur non. Enim et eum est voluptate sunt sunt est et.', 'Distinctio quia voluptatum sit asperiores quo dicta. Animi facilis et dolorem quia. Repellendus est voluptas quia ducimus quia necessitatibus. Voluptates iure quisquam non incidunt neque vel est eum. Nulla vel nemo voluptatem omnis ea illo. Quia nesciunt sequi aut soluta quo. Dolor doloribus molestias id quaerat omnis distinctio delectus.', 'DRAFT', 'https://lorempixel.com/1200/400/?12239', '2018-04-12 03:53:02', '2018-04-12 03:53:02'),
(95, 3, 4, 'Itaque unde atque enim.', 'itaque-unde-atque-enim', 'Consequatur velit animi ex quaerat. Fugit reprehenderit nam voluptatem rerum a. Molestias quis dignissimos perferendis placeat culpa cupiditate. Natus fugit quo illum perferendis.', 'Non voluptatem odit quo sint et perspiciatis maxime tenetur. Placeat odit dolorem id nostrum fuga. Rerum saepe odio amet maxime. Accusantium ducimus deserunt voluptates voluptates quo. Autem repellendus nemo facilis rem placeat et. Blanditiis ullam et eos beatae omnis. Et nisi officiis sint dicta. Omnis dolorum et repudiandae. Illum veniam voluptas sint adipisci et harum magnam. Omnis quibusdam molestiae sed facere accusamus. Esse qui neque quia officiis.', 'PUBLISHED', 'https://lorempixel.com/1200/400/?79775', '2018-04-12 03:53:02', '2018-04-12 03:53:02'),
(97, 1, 1, 'Incidunt voluptatem provident aut.', 'incidunt-voluptatem-provident-aut', 'Ut quisquam rerum laborum non distinctio. Totam similique suscipit omnis autem impedit dolor rerum. Illo rerum qui voluptatem numquam.', 'Aperiam illum eveniet quo aperiam maxime. Porro itaque fugit maxime laborum omnis. Omnis et autem provident officiis. Optio eveniet expedita enim vero id. Ut cumque id repellat. Vitae quos aut et molestiae cumque aut qui. Non placeat accusantium totam omnis. Officia ea ut in et quisquam. Et error sint totam nihil voluptatem.', 'DRAFT', 'https://lorempixel.com/1200/400/?48119', '2018-04-12 03:53:02', '2018-04-12 03:53:02'),
(98, 21, 1, 'Quis velit nam aut.', 'quis-velit-nam-aut', 'Incidunt aut quis ipsa quas et. In inventore rerum ut eius qui. Nemo id quod ut consequatur commodi. Debitis laboriosam illo illum adipisci asperiores ipsam ullam.', 'Qui voluptas voluptas nisi accusantium sint ut rem recusandae. Aut necessitatibus rerum sunt ducimus beatae. Quis et consequatur et iure est beatae. Omnis accusantium quibusdam sapiente vel quis. Rerum eum aliquam quos. Ipsa at provident et voluptatem dignissimos. Nulla neque enim debitis voluptatem iusto qui asperiores. Reprehenderit expedita quia eum praesentium voluptatem similique natus sed. Sapiente quo vero alias aut dolor cumque.', 'PUBLISHED', 'https://lorempixel.com/1200/400/?98011', '2018-04-12 03:53:02', '2018-04-12 03:53:02'),
(99, 1, 4, 'Ut nostrum quos ex.', 'ut-nostrum-quos-ex', 'Aut reiciendis consequatur dolore. Temporibus et consequatur quod necessitatibus. Doloribus quae possimus autem id optio. Unde ipsa quo labore nisi quis.', 'Ex asperiores non unde velit enim voluptatem eos hic. Sed laborum sed eaque rerum. Quia voluptas aut placeat laudantium earum. Temporibus enim neque voluptate assumenda. Itaque est quis consequuntur nulla quod voluptatem aut eos. Perferendis eaque vel dolor ut temporibus. Consectetur eligendi voluptatem nemo. Dolorum autem placeat provident autem tenetur sint.', 'DRAFT', 'https://lorempixel.com/1200/400/?61215', '2018-04-12 03:53:02', '2018-04-12 03:53:02'),
(100, 15, 6, 'Tempore necessitatibus dolorem provident.', 'tempore-necessitatibus-dolorem-provident', 'Aliquid molestiae est non explicabo sed eligendi explicabo. Reiciendis ea omnis cupiditate esse. Et accusantium et architecto pariatur pariatur. Doloremque et aliquam sed reiciendis.', 'Non eum soluta amet laboriosam occaecati et optio dignissimos. Eaque impedit sed suscipit ut dolores aut voluptate nesciunt. Corporis nisi quia similique quisquam fugit nam. Minus repellat mollitia sunt et ea. Consectetur incidunt illum eos. Sed totam praesentium labore. Aut eum est labore tenetur fugiat qui sequi. Minus blanditiis officia exercitationem iusto non eius. Quia enim velit aperiam consequatur. Neque omnis ex nulla consequuntur alias placeat.', 'DRAFT', 'https://lorempixel.com/1200/400/?47452', '2018-04-12 03:53:02', '2018-04-12 03:53:02'),
(102, 22, 10, 'Qui alias vel dicta doloribus.', 'qui-alias-vel-dicta-doloribus', 'Molestiae et omnis quam. Fuga qui eos voluptates exercitationem. Veritatis voluptate est dolorem magni nihil quia id.', 'Et porro omnis eum ut. Qui eos laboriosam eaque qui. Asperiores ipsa eos fugit accusantium est. Rerum doloremque eveniet atque et qui. Culpa maiores tenetur quaerat exercitationem. Nesciunt voluptas officia consequatur et deleniti deleniti. Eum repellendus at provident occaecati. Aut ipsa recusandae assumenda ipsam dolorem maiores. Provident officia quidem aut aut veritatis. Voluptatibus sint minus sit consequatur.', 'PUBLISHED', 'https://lorempixel.com/1200/400/?37955', '2018-04-12 03:53:02', '2018-04-12 03:53:02'),
(103, 19, 6, 'Odit unde nobis sint nam expedita.', 'odit-unde-nobis-sint-nam-expedita', 'Aut omnis quod ut commodi et. Placeat maxime qui voluptas animi eos deserunt sint natus. Doloribus consequatur repellendus consequatur et voluptas esse atque ut.', 'Libero mollitia sed sed aut ab hic. Sed eius magni provident distinctio necessitatibus. Consequatur qui quia qui ea debitis alias reiciendis. Qui adipisci molestiae voluptatibus laborum debitis fugit labore. Nobis qui et veritatis autem. Iusto dicta at rem error omnis dolores. Ipsum necessitatibus natus possimus adipisci. Sint numquam laborum enim accusamus. Sed corrupti in sit vero aut praesentium ut at.', 'PUBLISHED', 'https://lorempixel.com/1200/400/?99033', '2018-04-12 03:53:02', '2018-04-12 03:53:02'),
(104, 12, 2, 'Qui qui eos nam ad rerum.', 'qui-qui-eos-nam-ad-rerum', 'Labore earum ut doloremque quidem. Deserunt quia suscipit sequi occaecati rem. Reprehenderit dicta doloribus deserunt. Numquam culpa eligendi aut natus rerum in et.', 'Soluta consectetur ex atque temporibus aut. Consequatur eos eius sed sit laborum autem. Eum in impedit nostrum reiciendis ut distinctio quo. Sequi alias quos non quia eum consequatur. Soluta ipsam non voluptatem cum laudantium vitae dolorem consectetur. Distinctio consequatur aut reiciendis quas est quam ut. Nihil repudiandae repellendus quia. Et corporis consequatur modi neque excepturi et accusantium. Perferendis nihil id sed.', 'DRAFT', 'https://lorempixel.com/1200/400/?43580', '2018-04-12 03:53:02', '2018-04-12 03:53:02'),
(105, 5, 9, 'Consectetur nemo quos.', 'consectetur-nemo-quos', 'Voluptatem nesciunt aut qui et magnam et tempore. Deleniti cupiditate non aut et sunt ut perferendis. Qui quisquam ex inventore ut rerum laboriosam sed. Molestiae eveniet expedita harum fugit.', 'Est cumque laudantium atque nobis. Rerum doloribus rerum amet eius animi inventore. Sit asperiores aut eveniet mollitia nam possimus eveniet. Aliquid enim ea blanditiis excepturi laudantium ea sit. Recusandae quis et possimus id optio voluptatem et. Facere aut nostrum libero quis cumque ipsum ex.', 'DRAFT', 'https://lorempixel.com/1200/400/?23644', '2018-04-12 03:53:02', '2018-04-12 03:53:02'),
(106, 30, 6, 'Ipsa in velit non.', 'ipsa-in-velit-non', 'Enim eum et qui officiis eius exercitationem. Voluptas tempora autem magni ut iure modi tempora. Deserunt quaerat et ullam magni omnis nostrum non.', 'Qui et rerum aliquid delectus cumque corrupti repellat quia. Nemo quae velit qui cumque impedit odio at. Doloribus ducimus ratione inventore quisquam. Animi voluptatibus quibusdam similique veritatis et fugit mollitia. Blanditiis accusamus est labore qui. Perspiciatis placeat explicabo expedita suscipit sint repellendus qui.', 'DRAFT', 'https://lorempixel.com/1200/400/?98783', '2018-04-12 03:53:02', '2018-04-12 03:53:02'),
(107, 20, 5, 'Beatae deserunt quod sequi non.', 'beatae-deserunt-quod-sequi-non', 'Debitis saepe ipsa omnis libero a sed et. Voluptates aut quia at inventore sapiente error neque. Eius eveniet quis vel repudiandae voluptatem excepturi voluptas.', 'Nihil et sit et eaque alias laboriosam. Atque quisquam laboriosam est nesciunt dolorum est. Excepturi eum nam dolore id eos incidunt quia. Asperiores consequuntur fuga reprehenderit deserunt beatae quis voluptatem. Sed ab voluptas aut ipsa provident. Neque quaerat laudantium provident officia quos atque numquam et. Cum sed labore quia. Quia quod voluptatem distinctio sed consequatur placeat. Sint ipsam quia ratione recusandae est et aliquam. Quia nihil esse accusantium quam voluptas doloribus.', 'PUBLISHED', 'https://lorempixel.com/1200/400/?58842', '2018-04-12 03:53:03', '2018-04-12 03:53:03'),
(108, 14, 14, 'Quia laboriosam et nostrum quos error.', 'quia-laboriosam-et-nostrum-quos-error', 'Repellendus blanditiis expedita enim quasi est. Enim impedit eum nesciunt quae tempore aut natus. Enim ea vel quis officia repellendus sed cupiditate. Eveniet architecto quae autem totam.', 'Inventore accusamus incidunt qui sequi. Molestiae nam illum tempore sit. Ut aut officiis accusantium ad vero ut laudantium. Quis perspiciatis doloribus aut. Magni dolorem laudantium culpa esse aperiam doloribus. Dolorem veritatis sequi accusamus eligendi fuga impedit repudiandae. Illum et odit sed laborum. Numquam voluptatem velit veniam sed quis saepe. Voluptatibus quia ut dolorem a ut. Voluptatibus alias velit et dolorum qui voluptas.', 'DRAFT', 'https://lorempixel.com/1200/400/?14531', '2018-04-12 03:53:03', '2018-04-12 03:53:03'),
(109, 25, 1, 'Omnis quia et ut.', 'omnis-quia-et-ut', 'Sunt perferendis fuga quia aliquid. Maxime ex aliquid tenetur et ut natus sed similique. Omnis voluptas et architecto molestiae. Praesentium doloremque deserunt totam odit libero tempore.', 'Optio velit harum architecto aut temporibus harum explicabo. Sit maiores eligendi est libero. Quis doloremque natus aut deleniti. Vel enim magni optio aut harum nobis excepturi. Est id voluptatem voluptas fugiat quo soluta. Sequi repellendus rerum ea laudantium corporis. Nihil omnis quam voluptatem suscipit qui voluptate enim. Molestiae dolorem iste qui qui reiciendis quaerat quos.', 'PUBLISHED', 'https://lorempixel.com/1200/400/?25831', '2018-04-12 03:53:03', '2018-04-12 03:53:03'),
(110, 8, 6, 'Quod quibusdam voluptatem.', 'quod-quibusdam-voluptatem', 'Ipsa necessitatibus saepe pariatur quia ea. Explicabo esse aut aliquid qui. Sed velit inventore officiis nostrum molestiae ipsum in atque.', 'Laborum praesentium possimus quia voluptas non. Nostrum neque beatae placeat soluta sit. Possimus cupiditate quibusdam et voluptatem et adipisci non porro. Autem occaecati nesciunt magnam et quae vel aspernatur. Autem autem rerum veritatis magnam temporibus consequatur. Blanditiis eum perferendis aperiam perferendis eaque eaque. Atque doloremque sit quibusdam beatae cupiditate aut. Sed non et magni reprehenderit enim sed. Ipsam repudiandae enim sunt quasi deserunt eum.', 'PUBLISHED', 'https://lorempixel.com/1200/400/?90399', '2018-04-12 03:53:03', '2018-04-12 03:53:03'),
(112, 11, 16, 'Esse facere ducimus non.', 'esse-facere-ducimus-non', 'Accusamus soluta perspiciatis veniam suscipit. Harum nesciunt dignissimos est id totam ut asperiores sunt. Dolorem ipsa sequi dignissimos molestias reiciendis et dolores beatae.', 'Doloribus rerum quisquam qui et. Saepe sed accusamus vel sint ducimus. Ullam quae illum aspernatur quaerat molestias temporibus sed. Inventore id omnis minus fugiat animi. Ut officiis mollitia repellendus numquam earum. Consequuntur corrupti necessitatibus veniam ad laudantium itaque illo distinctio.', 'DRAFT', 'https://lorempixel.com/1200/400/?68648', '2018-04-12 03:53:03', '2018-04-12 03:53:03'),
(113, 16, 13, 'Qui ad nemo inventore.', 'qui-ad-nemo-inventore', 'Nemo praesentium earum commodi. Saepe inventore adipisci voluptate facilis. Aperiam rerum rem ut recusandae. Dolore sequi cumque nam saepe.', 'Est nihil quia ducimus repellendus porro illo voluptatem. Aut quisquam illum saepe officia. Molestias aut omnis ut sint. Consequatur iusto quas et quo. Nulla consequatur a dolorem. Qui reiciendis a officia omnis. Commodi delectus numquam error nobis. Non est minima qui laudantium nisi repellendus. Et deleniti debitis animi soluta sequi quaerat. Aut alias non porro neque enim dolorem fugiat. Reiciendis est consectetur et nostrum.', 'PUBLISHED', 'https://lorempixel.com/1200/400/?68777', '2018-04-12 03:53:03', '2018-04-12 03:53:03'),
(114, 7, 4, 'Reprehenderit nihil rem.', 'reprehenderit-nihil-rem', 'Qui pariatur ullam omnis placeat illum. Illo est ipsum veniam non eum quia hic.', 'In nihil ullam quae aut eligendi. Ut voluptas eos nobis suscipit est. Aut non earum in libero. Voluptate quos aut accusamus iste accusantium. Rerum sint odio quos quidem pariatur. Debitis a qui earum explicabo similique alias qui. Earum similique sunt dolorem perferendis quos. Voluptas necessitatibus distinctio voluptas. Nihil qui incidunt maxime eum omnis omnis voluptates. Et adipisci expedita quia id. Quam ut ab deleniti libero quisquam. Illo numquam quia qui eaque ipsum commodi labore.', 'DRAFT', 'https://lorempixel.com/1200/400/?22024', '2018-04-12 03:53:03', '2018-04-12 03:53:03'),
(115, 1, 12, 'Est error veniam modi unde sed.', 'est-error-veniam-modi-unde-sed', 'Et sint occaecati quia aut placeat. Impedit voluptatum sunt in dolor quisquam itaque numquam. Nobis id labore doloremque veniam voluptatem ullam repellendus.', 'Voluptatem blanditiis eveniet doloremque ut quidem dolore dolores. Deserunt consequatur mollitia voluptatem eum omnis nostrum excepturi. Assumenda nisi ut voluptates. Dicta quis repellat sed fugit magni aliquam mollitia. Pariatur vero sit ratione assumenda odit enim. In ex ex qui sunt sit pariatur.', 'PUBLISHED', 'https://lorempixel.com/1200/400/?19662', '2018-04-12 03:53:03', '2018-04-12 03:53:03'),
(117, 2, 19, 'Expedita possimus pariatur.', 'expedita-possimus-pariatur', 'Dolore maiores iusto velit qui aut incidunt dolorem. Possimus necessitatibus nemo reiciendis dolorum consequatur ut eos. Commodi dolor ipsam impedit quia natus. Sit in accusamus aut quos rerum.', 'Dolor ratione assumenda aliquid omnis. Quo iste et sit aut labore voluptas dolores. Sed voluptate maiores inventore est ut. Qui labore voluptatibus commodi voluptates fugiat porro voluptatem. Ex consequatur velit id. Et consequuntur laboriosam amet. Quia rerum cupiditate id aperiam qui rerum doloribus. Expedita voluptatum voluptas eum et. Quis ab quisquam hic aut voluptate. Quia vitae ut optio facilis non. Rem ipsum mollitia ipsam ut porro magni natus.', 'DRAFT', 'https://lorempixel.com/1200/400/?35388', '2018-04-12 03:53:03', '2018-04-12 03:53:03'),
(118, 22, 15, 'Excepturi et excepturi recusandae.', 'excepturi-et-excepturi-recusandae', 'Consequatur magnam qui impedit ut qui. Consequuntur distinctio repellendus libero ex ut. Fugiat optio voluptatem ipsam ea repudiandae. Est nisi animi porro soluta et cupiditate nesciunt.', 'Architecto ad provident corrupti omnis facere quia. Officiis non voluptas ducimus. Quae exercitationem omnis aut corporis. Pariatur laudantium sapiente eligendi id praesentium dolorem velit. Voluptatem inventore sint delectus doloribus. Assumenda dolorem dolores et voluptatem.', 'PUBLISHED', 'https://lorempixel.com/1200/400/?44560', '2018-04-12 03:53:03', '2018-04-12 03:53:03'),
(119, 25, 11, 'Ex accusamus ut in velit.', 'ex-accusamus-ut-in-velit', 'Qui numquam voluptatem odio ab deleniti vel. Neque ut rerum sint aliquam facilis at facere. Eaque quia et porro eum animi. In distinctio incidunt occaecati quibusdam. Quos ut nihil odio aut eum.', 'Aliquid voluptatem nemo repudiandae sit debitis. Occaecati ut cupiditate deleniti et omnis. Eius repellendus libero sunt rem voluptates minima ipsa. Sed suscipit iusto ipsum est eaque similique a. Repudiandae a qui voluptate hic dicta libero. Asperiores nam veritatis ab id. Eius ut aut voluptas eum deleniti in iusto. Sapiente natus impedit accusamus soluta dolor. Aut qui magnam saepe ut. Nostrum et consequatur iure est asperiores quaerat harum. Praesentium et dolorem ipsum ullam eaque eaque.', 'DRAFT', 'https://lorempixel.com/1200/400/?30056', '2018-04-12 03:53:03', '2018-04-12 03:53:03'),
(120, 23, 11, 'Sit ea nihil deserunt consectetur beatae.', 'sit-ea-nihil-deserunt-consectetur-beatae', 'Qui perspiciatis omnis non dolorem. Minus dolorem sed ut nulla ut ducimus. Omnis unde ut est voluptas eligendi accusantium et. Modi commodi libero temporibus cum aut.', 'Voluptas voluptatem nisi iusto facere illum quis soluta. Nemo harum dolorum vel facilis in alias labore. Consequatur repellat cumque ad at quod quasi. Ullam voluptates iure quis corporis perferendis dolores laborum temporibus. Voluptas ipsam dolorem illo temporibus vero. Voluptatem amet consequatur tempora. Eaque quia consequatur laudantium est architecto qui.', 'DRAFT', 'https://lorempixel.com/1200/400/?72499', '2018-04-12 03:53:03', '2018-04-12 03:53:03'),
(121, 4, 14, 'Et sit et reiciendis vel ut.', 'et-sit-et-reiciendis-vel-ut', 'Delectus et maxime provident sunt voluptas quam alias. Et optio facere adipisci explicabo dolor. Molestias ut impedit et dolor.', 'Quia magnam qui quidem molestiae numquam assumenda ratione. Aut similique ipsam vel facilis. Modi veniam omnis error et optio et est. Nisi maiores mollitia qui numquam qui autem reprehenderit. Nostrum adipisci sequi doloremque. Occaecati qui ipsa sit eveniet ducimus. Beatae voluptate sint corporis est illum voluptatem. Delectus commodi quia explicabo repellendus.', 'PUBLISHED', 'https://lorempixel.com/1200/400/?83983', '2018-04-12 03:53:03', '2018-04-12 03:53:03'),
(122, 14, 13, 'Enim ea distinctio dolorum nesciunt.', 'enim-ea-distinctio-dolorum-nesciunt', 'Rem eos in consequatur est aut porro tenetur vel. Quibusdam veniam et eos aut et placeat autem.', 'Omnis distinctio voluptate eum. Sunt tenetur aperiam incidunt officiis vel eos. Quidem non magnam repellendus ea in at quas. Officiis magni accusamus aliquam voluptatum. Rerum dolores sequi laborum quidem voluptatibus doloremque. Velit aliquam aliquid et fugit quae qui est.', 'PUBLISHED', 'https://lorempixel.com/1200/400/?46632', '2018-04-12 03:53:03', '2018-04-12 03:53:03'),
(123, 3, 6, 'Omnis dolor aspernatur rem ex ad.', 'omnis-dolor-aspernatur-rem-ex-ad', 'Nihil totam animi veritatis. Dolorem odio voluptatem eius aut. Architecto nihil consequuntur explicabo cum excepturi reiciendis excepturi. Ullam quia hic velit nemo aliquam sunt excepturi.', 'Soluta est quae eius ipsam. Accusantium vel esse nemo minus a itaque laudantium. Necessitatibus exercitationem ullam debitis aliquid suscipit expedita. Optio quis sed tenetur reprehenderit quo repellat voluptate. Voluptatibus officiis et tempore accusamus molestiae. Ab sed quis in doloribus nesciunt facere et. Quae ea optio voluptas. Accusantium pariatur provident est veniam porro voluptatibus in ut. Reiciendis culpa qui et autem est. Voluptatem quas eveniet rerum repellat.', 'PUBLISHED', 'https://lorempixel.com/1200/400/?55775', '2018-04-12 03:53:03', '2018-04-12 03:53:03'),
(124, 24, 14, 'Expedita quia veritatis distinctio et.', 'expedita-quia-veritatis-distinctio-et', 'Vel sunt nostrum quaerat et ut quas. Quaerat dicta est est excepturi voluptas atque nobis pariatur. Quia unde illum quia porro.', 'Ea ipsum in voluptatem perspiciatis debitis non perferendis non. Et ut et velit perspiciatis quam eum. Earum omnis ut est eaque quia fugiat est. Error doloremque et et beatae facere voluptatibus laudantium. Unde ipsa voluptate quo explicabo. Nostrum vero pariatur qui est inventore necessitatibus ut. Soluta sed quis ut repellat occaecati magnam aut sequi. Est cum et repellat sint tempora sit.', 'DRAFT', 'https://lorempixel.com/1200/400/?84129', '2018-04-12 03:53:03', '2018-04-12 03:53:03'),
(125, 15, 14, 'Animi quam non.', 'animi-quam-non', 'Perferendis vitae ut blanditiis voluptatem consequatur exercitationem. Animi quia quisquam ea dignissimos aut. Dolor consectetur est ut eum soluta alias temporibus id.', 'Sit qui rerum quisquam enim voluptas temporibus numquam. Et velit sed aut sit culpa reprehenderit. Eveniet sed laborum assumenda expedita quia unde. Optio quis nihil aut distinctio ut sequi excepturi. Maxime commodi aut modi quis ipsa ipsum rerum. Quia aut non sed labore.', 'DRAFT', 'https://lorempixel.com/1200/400/?70546', '2018-04-12 03:53:03', '2018-04-12 03:53:03'),
(126, 6, 15, 'Soluta et dolorem et.', 'soluta-et-dolorem-et', 'Molestiae eum sit sit a tempora sit et. Voluptates sit corrupti commodi facere. Eos ea neque nisi nam qui fugiat. Quas adipisci reiciendis et vero repellat.', 'Culpa est similique aperiam laudantium facere. Laboriosam architecto velit dignissimos beatae. Quia officia omnis nemo reprehenderit alias. Qui voluptas hic quisquam enim ipsa quo et et. Tempora veritatis necessitatibus dignissimos. Excepturi voluptas ea amet minima illum temporibus. Autem voluptatibus quia aliquid odio in ut. Maxime dicta qui cupiditate quia neque. Consectetur debitis dolore nulla eos veritatis harum.', 'PUBLISHED', 'https://lorempixel.com/1200/400/?85196', '2018-04-12 03:53:03', '2018-04-12 03:53:03'),
(127, 16, 13, 'Eum ratione non aut.', 'eum-ratione-non-aut', 'Quia impedit et ex expedita dolor quod quia sint. Fuga cum blanditiis et accusantium iure consectetur voluptate quidem.', 'Et eaque voluptatem rerum numquam voluptatem consectetur. Voluptatem sequi architecto dolorum et voluptatem maiores. Laboriosam laboriosam fugiat doloribus a incidunt est. Cum error tempore fugit possimus et deserunt reiciendis facere. Velit in culpa in animi aut voluptatem in. Ea harum nobis itaque quia aut aperiam. Quas perferendis aliquam harum temporibus. Sed consectetur aut autem minus id animi nesciunt.', 'PUBLISHED', 'https://lorempixel.com/1200/400/?79124', '2018-04-12 03:53:03', '2018-04-12 03:53:03'),
(128, 20, 8, 'Consequatur qui ut dolor.', 'consequatur-qui-ut-dolor', 'Cupiditate enim earum pariatur velit rerum. Quam qui est et sed deleniti rerum quia. Voluptatem natus animi quisquam.', 'Rerum vero necessitatibus maiores architecto voluptates pariatur voluptatem eum. Accusantium quia quo mollitia modi. Accusamus adipisci illum ipsa quas dolor. Officia rerum dignissimos et vero magni vel. Ex odio placeat eius minima ut. Aut atque possimus eos et eveniet quis placeat. Magni velit debitis illum voluptatem dignissimos doloremque fugiat. Quos sapiente iusto id esse. Nobis odio amet nihil. Ullam porro ea nobis magnam sint. Ut autem molestiae at vel eos dignissimos.', 'DRAFT', 'https://lorempixel.com/1200/400/?43614', '2018-04-12 03:53:03', '2018-04-12 03:53:03'),
(130, 20, 14, 'Ut molestiae est rerum cupiditate omnis.', 'ut-molestiae-est-rerum-cupiditate-omnis', 'Voluptatibus omnis quasi sed odio corporis. Culpa perferendis voluptatibus molestiae nihil facere modi et. Veritatis possimus omnis dolor eveniet facilis.', 'Optio velit ratione quos laboriosam repellendus qui. Similique quas et laboriosam rerum illo quia. Libero rerum delectus maiores reprehenderit doloremque. Repudiandae magni quia similique nisi. Est soluta qui quia. Sequi dolores ipsam nulla sint est saepe. Doloribus aut quia voluptatem voluptates. Omnis tempora voluptas ut aut libero soluta veritatis.', 'DRAFT', 'https://lorempixel.com/1200/400/?67283', '2018-04-12 03:53:03', '2018-04-12 03:53:03'),
(132, 5, 7, 'Ut omnis cumque.', 'ut-omnis-cumque', 'Aliquam hic voluptatem aut dolor sit dolor quisquam. Consequatur ad ex dicta ducimus. Debitis ut dicta aut numquam.', 'Nisi eveniet et inventore provident suscipit excepturi debitis. Consequuntur est aliquid libero quae recusandae provident. Accusantium harum cumque aliquam temporibus minima exercitationem. Itaque modi consectetur molestias. Autem ipsa voluptates aut neque aperiam. Voluptatem dolor pariatur consequatur ullam eos. Ut ullam officiis porro est sequi. Et aut aspernatur qui quos harum vel.', 'PUBLISHED', 'https://lorempixel.com/1200/400/?87070', '2018-04-12 03:53:04', '2018-04-12 03:53:04'),
(133, 5, 5, 'Qui in et repellendus alias enim.', 'qui-in-et-repellendus-alias-enim', 'Animi ut repellendus neque voluptatem quisquam fugit nemo quos. Ut perferendis cupiditate pariatur dolores inventore et qui.', 'Aliquam sit nobis illo consequuntur. Quia reprehenderit quidem nemo consequatur rem harum. Saepe quo quisquam eligendi minima explicabo voluptatibus. Delectus soluta nobis est voluptas quam. Et pariatur ab labore. Quam tempora inventore qui. Consequatur explicabo natus accusantium ab autem. Dolores voluptas non hic recusandae. Qui ut quidem omnis. Dolor quae alias nihil qui. Quia est laboriosam quaerat. Suscipit dolore molestiae velit id atque autem iusto. Laudantium quo dolore dicta et.', 'DRAFT', 'https://lorempixel.com/1200/400/?89385', '2018-04-12 03:53:04', '2018-04-12 03:53:04'),
(134, 19, 7, 'Voluptas debitis quidem ut.', 'voluptas-debitis-quidem-ut', 'Omnis et dolor natus. Dolorem enim dolorem aperiam quam repellat tenetur omnis. Saepe repudiandae veritatis mollitia explicabo voluptate voluptatem.', 'Voluptatum et harum neque est laudantium nesciunt. Est fuga sint quo nemo sed. Impedit adipisci molestiae dignissimos veritatis. Aut ducimus laborum vel. Animi quia laborum quam tenetur saepe aperiam aut dolor. Officia corrupti qui earum sit repellendus deleniti commodi. Ab quaerat voluptates et ut. Iure dolores ipsa ex qui. Facere rerum fuga qui et. Soluta perspiciatis qui dolorem in possimus. Eaque ut quod qui dolorum vel voluptates id officiis.', 'PUBLISHED', 'https://lorempixel.com/1200/400/?33682', '2018-04-12 03:53:04', '2018-04-12 03:53:04'),
(136, 1, 7, 'Fugit excepturi et sint.', 'fugit-excepturi-et-sint', 'Quia pariatur et iusto aut. Odio sapiente consequatur nulla a est. Ut nihil quia fugit dolor.', 'Quas aut est vitae ut nesciunt deleniti dolores. Voluptate molestiae nulla dolores itaque quam. Temporibus ad voluptas molestias est omnis ut sed. Aliquam excepturi velit numquam est qui et autem et. Praesentium aliquid ut qui. Blanditiis beatae est non dicta rem a quos. Nesciunt non odit quas quasi. Aperiam explicabo et asperiores assumenda ducimus magni.', 'PUBLISHED', 'https://lorempixel.com/1200/400/?66924', '2018-04-12 03:53:04', '2018-04-12 03:53:04'),
(138, 25, 7, 'Voluptas sit veniam quis maxime.', 'voluptas-sit-veniam-quis-maxime', 'Sit incidunt ut autem ipsam qui sit tempore. Ut est aut et maiores consequatur repellendus unde molestias. Odit aliquid et est voluptatem. Minus qui assumenda natus vitae quasi totam libero.', 'Qui animi qui eos nesciunt omnis inventore cupiditate. Laudantium architecto adipisci dolores quia necessitatibus ea perferendis. Deserunt ut culpa iure soluta explicabo dolor quia. Quisquam officiis qui fugiat ab soluta ut ab. At ad omnis saepe facere itaque. Similique voluptas maxime culpa iure id est. Beatae et vel perspiciatis ex eum. Aut hic autem id fugiat et. Accusantium possimus provident dolores aperiam. Sunt consequuntur ratione saepe quia.', 'DRAFT', 'https://lorempixel.com/1200/400/?48200', '2018-04-12 03:53:04', '2018-04-12 03:53:04'),
(139, 12, 15, 'Est ea id qui.', 'est-ea-id-qui', 'Dolorem atque porro aspernatur iusto numquam. Rem et consequatur non voluptatem. Et repudiandae ut expedita ea temporibus laborum vitae molestias. Itaque ea sit ducimus omnis architecto atque.', 'Qui libero et in debitis aut dicta quia. Nulla minima dignissimos asperiores nisi est. Aliquid ea nesciunt modi dolores dicta ducimus. Id blanditiis quos non soluta et neque. Omnis necessitatibus est possimus et dolor. Dolor enim animi consequatur rem vero. Eum qui corrupti perspiciatis eum quibusdam numquam. Maiores aut est veniam unde laborum possimus et. Voluptates placeat laudantium harum. Animi et voluptas voluptatum accusamus reprehenderit.', 'PUBLISHED', 'https://lorempixel.com/1200/400/?58696', '2018-04-12 03:53:04', '2018-04-12 03:53:04'),
(140, 30, 2, 'Aperiam fugit voluptas distinctio.', 'aperiam-fugit-voluptas-distinctio', 'Quia velit voluptatum maiores et ut iure dolor. Voluptates dolor natus cum est numquam a. Ut illo excepturi facere maiores debitis nostrum consequatur. Itaque assumenda maxime id quisquam.', 'Delectus beatae voluptatem et et ratione. Odio culpa voluptas magnam. Dolor ex molestiae ullam. Aliquid eum nihil quasi. Voluptas recusandae accusantium amet aperiam. Quod voluptates minima magnam. Officia voluptas officiis labore laudantium illo dignissimos. Laudantium repudiandae eveniet aut et quod enim. Enim ad culpa pariatur quidem voluptatum ut eos. Dignissimos aperiam qui rerum id.', 'DRAFT', 'https://lorempixel.com/1200/400/?19687', '2018-04-12 03:53:04', '2018-04-12 03:53:04'),
(141, 1, 14, 'Beatae ipsa et.', 'beatae-ipsa-et', 'Odit nesciunt sed voluptatem atque. Deleniti odit vero expedita animi quo et quibusdam. Blanditiis natus animi reiciendis modi nam blanditiis enim.', 'Non iste eligendi dolorum rerum est et. Veniam dolores esse sed aperiam. Adipisci ea nulla pariatur autem dolorem et. Dolorem cupiditate qui veniam eos nemo. Vitae ducimus amet a facere. Magni quia consectetur voluptatem. Occaecati accusamus perspiciatis culpa rerum repellendus. Delectus et explicabo praesentium aut sunt id nam deserunt.', 'DRAFT', 'https://lorempixel.com/1200/400/?94127', '2018-04-12 03:53:04', '2018-04-12 03:53:04'),
(142, 30, 11, 'Quia autem fugiat dolorem.', 'quia-autem-fugiat-dolorem', 'Expedita quasi sunt tempora rerum molestiae occaecati est. Dicta eius velit enim vero aut cupiditate omnis. Sed sunt soluta fugit neque earum enim. Quia vitae natus amet fuga error.', 'Fuga reprehenderit et ex id. Soluta minus sunt excepturi omnis. Molestiae ut ut nihil temporibus numquam magnam. Laborum minima reprehenderit incidunt nulla quia laudantium. Sit pariatur excepturi voluptas aut nostrum repellendus unde aspernatur. Quia consectetur rem rerum tempore expedita ab. Rerum corrupti expedita non natus. Adipisci impedit cumque ipsa sit voluptatibus.', 'DRAFT', 'https://lorempixel.com/1200/400/?70604', '2018-04-12 03:53:04', '2018-04-12 03:53:04'),
(143, 2, 19, 'Quo ullam at omnis veniam.', 'quo-ullam-at-omnis-veniam', 'Eos qui iste est qui impedit iste. Aut deserunt eveniet quia ut magni inventore ut adipisci. Molestiae maiores rerum quia ut quae sit.', 'Nihil laudantium ex molestias rem quod. Delectus saepe delectus ea dignissimos autem. A iure qui suscipit expedita doloremque. Dicta error quidem exercitationem cum. Quos adipisci illo laudantium velit odio ea voluptates. Nulla adipisci nesciunt veniam corporis. Facilis maxime est iure esse molestiae. Assumenda assumenda natus accusantium in et. Rem culpa ut molestiae fugit repudiandae molestias voluptatem.', 'DRAFT', 'https://lorempixel.com/1200/400/?27408', '2018-04-12 03:53:04', '2018-04-12 03:53:04'),
(144, 25, 7, 'Veritatis soluta voluptas distinctio quisquam.', 'veritatis-soluta-voluptas-distinctio-quisquam', 'Optio qui non officiis dolorem possimus animi. Dolorem vel modi rerum molestias.', 'Accusantium dolor sunt eos maiores doloribus aut. Accusantium nostrum minus et et quas repudiandae. Id est culpa ut commodi dolorum. Ducimus placeat et velit eum. Voluptas magnam repellendus similique consequuntur ullam eius atque. Ut autem quasi inventore consequatur qui et at. Repellendus nisi dolores vero cupiditate sit saepe deserunt. Nisi quia a quaerat soluta dolor odio qui sint. Et quos omnis at adipisci. Qui debitis voluptas consequatur. Qui odio blanditiis culpa suscipit et.', 'PUBLISHED', 'https://lorempixel.com/1200/400/?65677', '2018-04-12 03:53:04', '2018-04-12 03:53:04'),
(145, 6, 19, 'Sint illo et facere.', 'sint-illo-et-facere', 'Aperiam est sunt odit et ipsam delectus nisi inventore. Dolorem amet pariatur quas ducimus cumque. Esse in molestias voluptatibus illum aliquid laudantium.', 'Odio est qui minus. Expedita quasi provident dolor optio. Id dignissimos eaque quia voluptas sunt et est. Adipisci sit dolores expedita ipsam. Dolor atque libero nesciunt at voluptates. Deleniti quaerat doloremque aspernatur quia quia cumque. Quia recusandae similique possimus quo nam dolorem. Quibusdam temporibus aspernatur ut voluptas omnis debitis culpa. Vel quas iure quas. Ut ratione error vel qui quasi quo.', 'PUBLISHED', 'https://lorempixel.com/1200/400/?80615', '2018-04-12 03:53:04', '2018-04-12 03:53:04'),
(147, 19, 10, 'Alias amet quo culpa tenetur ducimus.', 'alias-amet-quo-culpa-tenetur-ducimus', 'Aut quod esse et voluptas consequuntur voluptatem. Minus voluptatem porro sint facilis. Beatae sed accusantium corporis minus sunt neque adipisci.', 'Sint perspiciatis cum totam quis consectetur. Dolorum voluptates et reiciendis earum. Delectus at ea quo vero. In reiciendis quia enim dolorem eligendi debitis sint. Iusto eaque culpa voluptas illum. Incidunt error ex nobis dolores. Quidem architecto ducimus rerum tempora. Ipsam voluptatem placeat ea sunt ipsum molestiae. Sint recusandae doloremque repudiandae dolores dicta at nihil. Vel reprehenderit quod id vitae assumenda eum. Nam perferendis qui omnis.', 'PUBLISHED', 'https://lorempixel.com/1200/400/?27871', '2018-04-12 03:53:04', '2018-04-12 03:53:04'),
(148, 9, 18, 'Sit molestiae ipsa minus.', 'sit-molestiae-ipsa-minus', 'Maxime aliquid dolores incidunt temporibus odit ut recusandae. Velit vel est ut rem consequatur. Aut odio at inventore cupiditate accusantium.', 'Minus maiores veniam alias ipsum consequatur. Praesentium minus nobis quasi quis. Iste quia modi et quia dolor. Laboriosam assumenda nobis eum sint at. Consequatur et in tempore. Molestiae hic impedit ut ea incidunt. Ipsam vel inventore voluptatem nihil error. Enim ducimus qui qui. Architecto qui culpa dolores error soluta et sint. Alias repellat dolorum magni sed excepturi quis. Saepe rerum voluptatem excepturi necessitatibus eius ut temporibus. Debitis aut et possimus inventore.', 'DRAFT', 'https://lorempixel.com/1200/400/?63074', '2018-04-12 03:53:04', '2018-04-12 03:53:04'),
(149, 4, 19, 'Quaerat culpa accusantium.', 'quaerat-culpa-accusantium', 'Distinctio quia error omnis recusandae rerum vero beatae. Id commodi qui ducimus sint velit esse. Commodi totam sapiente a quas rerum eius et. Molestiae quas dolor esse maxime praesentium.', 'A vel repellendus et harum corrupti doloremque pariatur. Deleniti assumenda et unde a rerum ab quia. Qui blanditiis aut iusto voluptate et quisquam vel. Sint quidem labore est ut. Aut voluptas soluta et est doloribus. Dolores vel aut voluptas corrupti est itaque. Corporis eligendi necessitatibus impedit laborum consequatur. Odio consequatur cum sequi aut impedit quaerat cumque repudiandae.', 'PUBLISHED', 'https://lorempixel.com/1200/400/?49670', '2018-04-12 03:53:04', '2018-04-12 03:53:04'),
(150, 11, 7, 'Voluptates cum labore amet eligendi.', 'voluptates-cum-labore-amet-eligendi', 'Accusantium nihil architecto non cum. Adipisci velit ex quae optio dolorem. Totam dolores ratione nihil corporis qui quis nisi.', 'Natus adipisci totam iure voluptas mollitia. Possimus aut vel occaecati suscipit ut. Blanditiis incidunt sunt soluta. Accusamus voluptates dolores tempora suscipit est. Voluptates molestiae ducimus ea reprehenderit. Reiciendis voluptatem dolores ea laborum et eum quae et. Rerum dignissimos ratione iste voluptatem saepe. Dolorem omnis similique sint voluptas. Fugit voluptas praesentium ut culpa optio possimus. Consequatur nisi est repellat omnis sed.', 'DRAFT', 'https://lorempixel.com/1200/400/?93772', '2018-04-12 03:53:04', '2018-04-12 03:53:04'),
(152, 4, 10, 'Molestias porro voluptatem nam.', 'molestias-porro-voluptatem-nam', 'Quod dolor eius nesciunt itaque labore et. Dolorem animi rerum est maiores aut voluptas nam beatae. Officiis similique aut aut nulla cumque enim quod.', 'Exercitationem sapiente earum ea ea. Voluptatum quia nihil iste eligendi facere numquam quis. Voluptatem aut nisi ut incidunt eum repellat aliquid. Iure aliquid illo maxime voluptatem necessitatibus. Autem et ipsa ipsum perspiciatis. Adipisci voluptatem quia consequatur fugiat quis. Eum nihil et et sed commodi. Minus et alias sit reiciendis non.', 'PUBLISHED', 'https://lorempixel.com/1200/400/?21466', '2018-04-12 03:53:04', '2018-04-12 03:53:04'),
(153, 20, 8, 'Blanditiis quibusdam sit.', 'blanditiis-quibusdam-sit', 'Vitae earum quidem voluptatum quas. Maxime blanditiis quis consequatur at. Reprehenderit ut tenetur quia qui suscipit delectus consequuntur.', 'Aut repudiandae tempora laudantium et eveniet excepturi. Placeat consectetur autem aliquid cumque culpa dignissimos nemo. Laborum et vel expedita voluptas et dolore. Quis labore non totam in. Omnis tempora neque repellendus velit quis corporis. Quia optio rem similique illo sit cum consequatur. Soluta a ipsum qui corporis. Vel qui nihil facere quae. Laudantium aliquid ipsum modi dicta.', 'PUBLISHED', 'https://lorempixel.com/1200/400/?76188', '2018-04-12 03:53:05', '2018-04-12 03:53:05'),
(154, 1, 9, 'Aut iure eaque ducimus exercitationem.', 'aut-iure-eaque-ducimus-exercitationem', 'Illo omnis inventore ut voluptas cupiditate aut deleniti. Ipsum quos et reiciendis quasi voluptatem aut. Aut sit sed quas deserunt possimus sed.', 'Nihil dolorem voluptatum incidunt nihil. Sit aut voluptates suscipit earum architecto repellendus ut animi. Est amet sint necessitatibus qui provident voluptatem. Dolore sunt et molestiae sit rerum consequuntur. Fuga ut ipsam consequatur eligendi aperiam possimus. Ex quo quia quibusdam ex et et officiis. Numquam quam assumenda quod nam fuga.', 'DRAFT', 'https://lorempixel.com/1200/400/?96706', '2018-04-12 03:53:05', '2018-04-12 03:53:05'),
(155, 18, 12, 'Ullam autem aut et.', 'ullam-autem-aut-et', 'Magnam ea aut nihil quo. Ea et dolore non incidunt qui mollitia placeat. Magni ratione blanditiis et nam fuga magnam ut.', 'Voluptates perspiciatis perspiciatis ipsum aspernatur saepe. Porro ab culpa earum dolorem excepturi nesciunt. Repellat qui consequatur saepe necessitatibus unde explicabo consectetur. Molestiae magnam impedit est eius et. Minus nam animi eos sit. Aut omnis voluptatem qui nisi quasi. Nisi nostrum eveniet consequatur ut doloremque. Ratione nisi reprehenderit pariatur nihil occaecati.', 'DRAFT', 'https://lorempixel.com/1200/400/?62214', '2018-04-12 03:53:05', '2018-04-12 03:53:05'),
(156, 2, 17, 'Earum tenetur ut nihil.', 'earum-tenetur-ut-nihil', 'Blanditiis voluptatem sit quo ea. Et qui debitis pariatur saepe. Quasi reprehenderit quia culpa illum quo totam expedita voluptatem. Sequi harum sit voluptatem non.', 'Eos rerum quia recusandae facilis. Est perspiciatis ipsa delectus ex aut eum ut praesentium. Facere libero qui non quo qui sunt quis. Nesciunt eveniet autem eum error libero a. Et sed amet iusto quia maiores fugiat eaque. Necessitatibus ut tempore maxime voluptatibus molestiae aut enim. Molestias qui quos consequatur sed qui.', 'PUBLISHED', 'https://lorempixel.com/1200/400/?49922', '2018-04-12 03:53:05', '2018-04-12 03:53:05'),
(157, 14, 1, 'Rerum corporis id sunt.', 'rerum-corporis-id-sunt', 'Ut voluptas ipsum quisquam labore eos. Cupiditate optio qui dolorem. Ullam quia minus harum eum minus quia fugit. Perferendis sed ratione dignissimos minima voluptatem et et.', 'Omnis provident perferendis accusamus deserunt placeat qui. Qui quos optio quibusdam. Mollitia sint ex magni commodi temporibus tempore occaecati. Consequuntur enim enim maxime qui. Et repellendus eius odit tempora. Corrupti deserunt ea facilis. Voluptatem recusandae voluptas voluptatem delectus consequatur magnam.', 'DRAFT', 'https://lorempixel.com/1200/400/?33966', '2018-04-12 03:53:05', '2018-04-12 03:53:05'),
(158, 21, 15, 'Omnis ut et sequi accusamus.', 'omnis-ut-et-sequi-accusamus', 'Explicabo quo non temporibus sunt dolorem nisi voluptas. Optio itaque qui consequatur enim rerum dolores aliquam. Velit perspiciatis ut modi animi voluptatem.', 'Aut hic repellat delectus est hic illo est. Harum consectetur et occaecati labore provident. Quos debitis ab dolor omnis maiores. Ipsa eius sit dolorem facilis. Quod reprehenderit doloribus nobis magnam laborum. Dicta alias ut quisquam deleniti similique. Cupiditate ea deserunt ut quos et id eos. Repellendus voluptatem maiores debitis consectetur excepturi deserunt. Voluptatibus est tenetur veritatis ullam ut non omnis. Reprehenderit amet qui deserunt labore nemo omnis.', 'DRAFT', 'https://lorempixel.com/1200/400/?40085', '2018-04-12 03:53:05', '2018-04-12 03:53:05'),
(159, 14, 13, 'Odio quidem sed quibusdam cum.', 'odio-quidem-sed-quibusdam-cum', 'Quisquam sit architecto nesciunt id. Minus autem laboriosam libero ea sed consequuntur. Iste et incidunt odit.', 'Nihil cum vel accusantium qui sit. Ex velit necessitatibus et accusamus molestias omnis. Voluptas iure eum totam modi eos deleniti. Quis voluptatem ut repellendus atque praesentium cumque quae libero. Assumenda deserunt ullam non magni quis est. Tempore iusto non et voluptates sequi eos. Libero ipsa reiciendis corrupti amet reprehenderit. Inventore sed neque ea non aut beatae. Quae accusamus aut vero culpa magni vero animi eligendi. Eum est dolorem voluptatibus et.', 'PUBLISHED', 'https://lorempixel.com/1200/400/?41075', '2018-04-12 03:53:05', '2018-04-12 03:53:05'),
(161, 10, 14, 'Quo at magni voluptatum.', 'quo-at-magni-voluptatum', 'Molestiae natus dolor consequatur voluptas velit tenetur libero. Aut dolore et et qui. Id asperiores officiis quas dolores aperiam.', 'Quia autem est animi debitis tempora amet. Et et sunt dignissimos tempore similique quasi. Aut suscipit deserunt illum cum beatae. Excepturi dignissimos non officia est optio. Tempora quibusdam libero nisi necessitatibus. Sequi ut aspernatur magnam consectetur repudiandae eos ut. Et iste quo ut consequatur commodi corporis doloribus.', 'DRAFT', 'https://lorempixel.com/1200/400/?27724', '2018-04-12 03:53:05', '2018-04-12 03:53:05'),
(162, 3, 18, 'Quaerat possimus maxime.', 'quaerat-possimus-maxime', 'Vel provident qui est magni dolores mollitia iure enim. Omnis fugit in voluptas delectus. Numquam doloremque similique doloribus omnis ad. Non voluptatem est enim fugiat asperiores qui delectus.', 'Soluta mollitia dolore quis aliquid itaque eius nemo. Sit unde excepturi assumenda. Aut officiis eum quo neque iste officia nam. Nobis quo qui ducimus ratione ea eaque. Tempora dolorem velit qui est at in. Earum sed laudantium atque atque. Adipisci vero quidem ducimus et et illo commodi. Eum praesentium non vero repudiandae. Sed quaerat aut quam quia pariatur eius facere. Dolor minus nulla magni molestiae nobis. Ut ipsam nesciunt quia quia voluptatem labore qui.', 'PUBLISHED', 'https://lorempixel.com/1200/400/?59306', '2018-04-12 03:53:05', '2018-04-12 03:53:05'),
(163, 8, 1, 'Modi velit sit.', 'modi-velit-sit', 'Necessitatibus at sed minima saepe. Voluptatibus vitae modi consequatur veritatis. Cumque ratione ut soluta est doloremque quam.', 'Rerum delectus rerum consequatur consequatur. Quasi et minima eveniet suscipit quia vel. Quas quia aliquam inventore non dolores voluptatibus. Provident porro omnis sed amet quasi et nobis eius. Aliquam dolore aliquam hic quae tempora. Nobis cum exercitationem magni sit qui voluptas. Iure consequatur iure dolor eaque recusandae similique.', 'PUBLISHED', 'https://lorempixel.com/1200/400/?24027', '2018-04-12 03:53:05', '2018-04-12 03:53:05'),
(164, 10, 17, 'Ipsam doloremque occaecati sit.', 'ipsam-doloremque-occaecati-sit', 'Praesentium fuga quas ut magni delectus quia earum. Neque quod est et eum. Sed atque aut vel qui libero. Nisi et perspiciatis saepe asperiores.', 'Aliquam earum unde porro. Sint aut ipsam eos doloremque officiis tempore ut enim. Enim pariatur odit et qui et quo dicta cupiditate. Eaque id vitae est eveniet neque. Quia molestias et nemo ut exercitationem expedita asperiores. Ut iusto ipsa dolorum eveniet. Voluptates ut consequatur ratione. Ut saepe qui quae natus. Necessitatibus impedit reprehenderit quasi sit consectetur. Maiores omnis voluptatem veritatis qui neque. Nobis dolorem eum et nihil dolores. Possimus nemo id maxime.', 'DRAFT', 'https://lorempixel.com/1200/400/?25051', '2018-04-12 03:53:05', '2018-04-12 03:53:05');
INSERT INTO `posts` (`id`, `user_id`, `category_id`, `name`, `slug`, `excerpt`, `body`, `status`, `file`, `created_at`, `updated_at`) VALUES
(166, 30, 14, 'Velit provident itaque et.', 'velit-provident-itaque-et', 'Pariatur aspernatur minus fugiat vel aliquam est. Error aspernatur et magnam voluptatem ut. Voluptas hic voluptas dicta qui.', 'Sed molestiae voluptatem ut. Libero molestiae voluptatem sequi blanditiis voluptatem doloribus eius tempora. Consequuntur odit eum adipisci rerum aspernatur itaque sunt dolor. Nihil ratione at nobis dolorem. Sunt voluptatem rerum assumenda voluptatem fugiat dolorum excepturi fuga. Quis dolor maiores eum cumque et ea aliquam. Quia non sapiente iste consequuntur. Quis dolorem libero in et quis est iure.', 'DRAFT', 'https://lorempixel.com/1200/400/?82503', '2018-04-12 03:53:05', '2018-04-12 03:53:05'),
(167, 23, 10, 'Vel sunt ex error.', 'vel-sunt-ex-error', 'Sed quo veritatis quibusdam beatae nihil est assumenda. Enim magnam illum iure soluta soluta labore.', 'Est eos rerum omnis nisi beatae officia incidunt est. Unde assumenda sapiente ipsum est suscipit ut a occaecati. Eum distinctio at et est voluptatum consequuntur iusto. Beatae est distinctio reprehenderit corrupti perspiciatis et quia. Quibusdam culpa non officia temporibus odit dolores. Maxime vel rem laborum incidunt quia eos atque placeat. Aut quia fuga nostrum et.', 'DRAFT', 'https://lorempixel.com/1200/400/?96375', '2018-04-12 03:53:05', '2018-04-12 03:53:05'),
(168, 4, 1, 'Accusantium laudantium tempore voluptas et.', 'accusantium-laudantium-tempore-voluptas-et', 'Soluta nisi nesciunt ipsum libero voluptatem voluptatem explicabo. Temporibus enim praesentium vel natus et illum. Aut non laudantium magnam laboriosam voluptate deserunt.', 'Esse dolor voluptatum voluptatem quis voluptatibus voluptas. Sed vitae enim iste harum quia. Et et animi omnis earum veritatis ut autem. Sed ad architecto odio velit doloribus. Deleniti quasi ratione fugiat. Rerum quo fugiat at sequi eum. Beatae aut in eum consectetur qui natus aut. Aliquid magni libero eligendi.', 'PUBLISHED', 'https://lorempixel.com/1200/400/?28712', '2018-04-12 03:53:05', '2018-04-12 03:53:05'),
(169, 7, 16, 'Occaecati numquam magni vel.', 'occaecati-numquam-magni-vel', 'Asperiores corrupti reprehenderit quis voluptate eaque aut distinctio nesciunt. Quisquam doloribus aut odio et velit. Repellat dolore tenetur voluptatem aut vero ea. Aut blanditiis alias illum sint.', 'Nisi soluta sit nihil. Qui molestias omnis dolorem magni. Voluptatem non molestiae officiis. Fugit id provident qui hic explicabo. Libero velit illo maxime sequi exercitationem tempore consectetur. Nisi aut dolorem voluptatum repudiandae veritatis. Eum at est minima maiores in qui dolorem et. Officiis ipsum ea aut deleniti consequatur sunt fuga est. Quaerat sunt maiores nobis sint. Maxime ut ut in et nisi atque molestias. Id sed corrupti culpa accusantium molestiae temporibus et.', 'DRAFT', 'https://lorempixel.com/1200/400/?26098', '2018-04-12 03:53:05', '2018-04-12 03:53:05'),
(170, 4, 19, 'Autem repellat quam aut.', 'autem-repellat-quam-aut', 'Consequuntur numquam quisquam architecto cum sapiente facere. Voluptatibus architecto labore nobis sit. Ratione ut saepe et ea. Eaque et fugiat ex non modi.', 'Quia dolor ut nemo porro at eum accusantium. Officiis accusantium nihil saepe. Dolorem omnis recusandae voluptas hic ex. Excepturi numquam reiciendis veniam. Soluta repellat consectetur recusandae quis. Molestiae iste quia ex nulla. Deserunt distinctio magni autem et dolor. Cum et non repellat eos architecto rerum veniam. Et beatae hic omnis eum inventore nobis quisquam officia. Molestias sit tempore sequi. Omnis autem eligendi laborum dolorem aut veritatis voluptatibus.', 'PUBLISHED', 'https://lorempixel.com/1200/400/?92925', '2018-04-12 03:53:05', '2018-04-12 03:53:05'),
(171, 20, 16, 'Reiciendis aut eum.', 'reiciendis-aut-eum', 'Delectus quia et autem rem quaerat. Labore dolorum consequatur hic sed minima. Reprehenderit consequatur et quasi aliquid atque enim. Officia nisi velit repellendus quod autem blanditiis.', 'Est quam inventore eius numquam rerum. Qui qui facilis molestias ea. Iure nesciunt velit provident omnis eius iste. Quis velit quia praesentium architecto laborum saepe nulla. Autem alias at a quibusdam. Magnam delectus id debitis quis. Mollitia quae est officiis nisi sed. Quo facere ut quis fuga inventore. Iste rerum amet vero sunt quis dolor. Iure optio qui ad ut. At asperiores dolores voluptas et laborum. Molestiae laboriosam esse et rem.', 'DRAFT', 'https://lorempixel.com/1200/400/?55409', '2018-04-12 03:53:05', '2018-04-12 03:53:05'),
(173, 23, 16, 'Cumque sapiente ea est sed.', 'cumque-sapiente-ea-est-sed', 'Molestiae in laudantium neque sunt quas. Saepe pariatur et minima similique eos et. Qui recusandae molestiae qui. Impedit autem id vel est et voluptatem.', 'Accusantium iste dolores rerum. Itaque alias aliquid placeat aut numquam. Iste provident molestias ex voluptatum vitae. Ratione voluptatem eos et eum nisi quod. Sit ipsum tempora a repellendus non. Odio fugiat dicta id. Voluptate cupiditate consequatur consequatur accusantium eius. Vitae laudantium qui consequatur. Dolore dolorem necessitatibus mollitia voluptas voluptas eum. Quod voluptatem sit consequuntur est dolorem qui architecto eos. Sed itaque illum sunt veritatis veniam praesentium.', 'PUBLISHED', 'https://lorempixel.com/1200/400/?99796', '2018-04-12 03:53:05', '2018-04-12 03:53:05'),
(174, 8, 6, 'Doloribus ea vitae.', 'doloribus-ea-vitae', 'Nihil nihil harum et voluptatibus magni deleniti ut. Sed et aut nisi consequatur commodi. Suscipit cum natus delectus quo.', 'Assumenda odit et necessitatibus eum. Aperiam laudantium odit optio itaque. Repudiandae ullam omnis et consequatur odio molestiae nihil nobis. Ad blanditiis incidunt ex modi voluptatum. Sint voluptatem animi unde. Sapiente ut illum nemo incidunt earum qui. Doloremque voluptatem ipsa sit nihil doloribus nam. Veritatis aperiam et temporibus ut laborum et consequatur nostrum. Aut exercitationem reprehenderit ullam reprehenderit in.', 'PUBLISHED', 'https://lorempixel.com/1200/400/?55312', '2018-04-12 03:53:05', '2018-04-12 03:53:05'),
(175, 23, 14, 'Voluptate consequatur maiores impedit quis.', 'voluptate-consequatur-maiores-impedit-quis', 'Omnis saepe qui enim fuga fugit est. Quaerat soluta accusamus voluptate voluptatem earum. Repellendus at dolorem sunt voluptatem officiis reprehenderit sit.', 'Vel voluptas sapiente maxime et quidem voluptas ut deserunt. Natus placeat deleniti aspernatur accusamus ab suscipit. Aut aut adipisci non aut. At minus quia ad harum cum accusamus perferendis. Nostrum amet dolorem pariatur ratione voluptate accusamus enim. Doloribus nobis placeat quasi. Ipsa omnis aut ut necessitatibus excepturi.', 'DRAFT', 'https://lorempixel.com/1200/400/?27187', '2018-04-12 03:53:05', '2018-04-12 03:53:05'),
(176, 25, 9, 'Iusto et nesciunt.', 'iusto-et-nesciunt', 'Dignissimos porro autem eius dicta. Omnis et molestias eveniet ipsum saepe ut. Sapiente nobis fuga corrupti quibusdam. Voluptatum dolores necessitatibus dolor commodi temporibus.', 'Consectetur laboriosam vel nulla ullam magni in. Accusamus accusamus natus dolorem. Dolores sit et possimus eius id. Accusantium ad amet ut blanditiis. Necessitatibus nesciunt placeat cupiditate ab id. Sed deserunt sit dolorum ducimus dolorem. Quisquam nobis quas aut quia aspernatur ut aperiam atque. Et sint ut dolore possimus. Et qui perferendis libero deserunt dolorum distinctio aut. Impedit et iste qui magni. Quia dolor repellendus cum unde. Fugiat consectetur alias cupiditate.', 'PUBLISHED', 'https://lorempixel.com/1200/400/?53113', '2018-04-12 03:53:05', '2018-04-12 03:53:05'),
(177, 10, 16, 'Qui fugiat vero tempore voluptate.', 'qui-fugiat-vero-tempore-voluptate', 'Aliquid fuga iste dolor rerum. Ut vel veritatis veniam ipsum aliquam et deserunt.', 'Est placeat qui quidem ea veniam qui eos. Error id aut velit accusantium. Quia perspiciatis ratione in ducimus ut expedita dignissimos voluptas. Delectus rem quod doloremque et. Vitae impedit omnis nulla voluptas et quia. Deleniti eligendi eligendi cum ipsa esse atque. Nihil voluptatem molestiae sed impedit. Ea numquam maxime officia qui sit explicabo id et. Quis cum necessitatibus dolorum nostrum similique aut inventore.', 'DRAFT', 'https://lorempixel.com/1200/400/?16777', '2018-04-12 03:53:05', '2018-04-12 03:53:05'),
(178, 5, 11, 'Aut est libero soluta laboriosam.', 'aut-est-libero-soluta-laboriosam', 'Illum dolor in qui neque quibusdam est. Suscipit dolor quae suscipit repellendus. Praesentium deleniti iure cupiditate accusantium et exercitationem esse.', 'Ut est odio veritatis culpa unde et. Vel repellendus non velit blanditiis. Neque et placeat qui laudantium. Autem magni aut et quasi ut ea aut. Odio quia laboriosam alias. Molestiae eveniet velit sed voluptatem ipsa non. Voluptas dolorum facere a fugit molestias reiciendis labore quam. Nihil repellendus sunt ab quibusdam modi tenetur voluptas. Ut commodi est quis adipisci et natus.', 'DRAFT', 'https://lorempixel.com/1200/400/?81892', '2018-04-12 03:53:05', '2018-04-12 03:53:05'),
(179, 23, 18, 'Consequatur exercitationem non libero vero placeat.', 'consequatur-exercitationem-non-libero-vero-placeat', 'Assumenda similique cumque qui consequuntur laboriosam eius veritatis. Vero eos consequuntur illum facere dolor. Modi facilis rerum est libero ea est delectus.', 'Rem beatae doloremque delectus error deleniti. Ex sunt tempora hic aperiam. Est hic asperiores suscipit dignissimos quos architecto. Eaque deserunt sapiente quibusdam aut aut corrupti qui. Tempore et et aspernatur est sint voluptates. Dolores officiis rerum dignissimos ut expedita et. Quas velit unde vitae iste sapiente sed. Molestiae consequatur placeat consequatur.', 'DRAFT', 'https://lorempixel.com/1200/400/?28103', '2018-04-12 03:53:06', '2018-04-12 03:53:06'),
(180, 7, 4, 'Deleniti aut eius quos.', 'deleniti-aut-eius-quos', 'Inventore omnis tempora perferendis est est dolor. Nobis et ut voluptates aut aut. Qui enim amet voluptate eum consequatur nihil.', 'Dolores repellat pariatur aspernatur eligendi cumque aut. Aliquid ut cumque aliquam ut. Omnis cupiditate accusamus qui et quia veritatis et. In quia earum mollitia assumenda vel. Consequatur itaque laborum eum numquam iusto voluptatem labore. Sapiente incidunt voluptatem ut. Ut et libero qui numquam. Deserunt illum placeat dicta iste aut officia voluptates. Nesciunt aut laudantium suscipit numquam reprehenderit. Dolore quasi alias esse deserunt.', 'PUBLISHED', 'https://lorempixel.com/1200/400/?66991', '2018-04-12 03:53:06', '2018-04-12 03:53:06'),
(181, 22, 9, 'Eius qui quibusdam veniam nemo.', 'eius-qui-quibusdam-veniam-nemo', 'Rerum ab quae rerum qui. Ea hic qui id accusamus molestiae omnis. Itaque molestias fuga qui.', 'Quisquam perspiciatis accusantium sunt. Amet eum enim libero nulla ipsa non sit at. Enim non eos animi nesciunt et exercitationem praesentium. Est quis quia ab consectetur tenetur et veniam. Cupiditate et officia eum nesciunt numquam. Doloremque molestias blanditiis in velit ut itaque voluptatum. Est amet accusantium rem est ea enim eum aut. Facere consequuntur animi voluptates beatae commodi. Rerum consequatur est et porro eum sapiente. Itaque non sint et quis qui.', 'DRAFT', 'https://lorempixel.com/1200/400/?90166', '2018-04-12 03:53:06', '2018-04-12 03:53:06'),
(182, 15, 9, 'Praesentium nisi illo.', 'praesentium-nisi-illo', 'Esse ut ea neque dolorem quis. Assumenda vel molestias minus non perferendis velit. Necessitatibus omnis iste totam consequatur et ratione distinctio. Doloremque placeat quo rem molestiae.', 'Temporibus quis ex harum minus corrupti sit quia. Molestiae ea repudiandae est fugit velit. Ut sed deserunt dolorem dignissimos recusandae minus quia. Occaecati rem et consequatur aut odio. Sed iste maiores vitae tempore ullam voluptas maxime omnis. Dolorum velit sint illo vel dolor vel aliquid in. Veritatis a autem est unde. Dolore quos non adipisci ea eligendi est quaerat exercitationem.', 'DRAFT', 'https://lorempixel.com/1200/400/?44387', '2018-04-12 03:53:06', '2018-04-12 03:53:06'),
(183, 14, 5, 'Quasi qui non reprehenderit.', 'quasi-qui-non-reprehenderit', 'Nulla qui quis in repudiandae. Consequatur quidem ut vitae ut tempora. Non accusamus itaque cupiditate id. Animi laborum nobis ipsam.', 'Illum consequatur voluptas voluptas ut a. Quis quam deserunt eum. Veniam rerum omnis qui nesciunt soluta. Officia consectetur et quia illo. Consequuntur illo optio incidunt sunt incidunt. Est porro itaque exercitationem sed deserunt doloremque. Temporibus id esse occaecati et ea labore praesentium.', 'DRAFT', 'https://lorempixel.com/1200/400/?15076', '2018-04-12 03:53:06', '2018-04-12 03:53:06'),
(184, 30, 19, 'Recusandae recusandae neque et et.', 'recusandae-recusandae-neque-et-et', 'Optio consectetur iste ut consequatur alias nihil quia voluptatem. Beatae at quia aut nihil. Commodi quasi dolore quidem laboriosam. Quo velit aut in minus incidunt dolorem et.', 'Aut occaecati maiores aut in molestias sed. Voluptatem voluptas sunt autem. Consequatur error dolorem accusamus doloremque necessitatibus ea. Corporis ut ab quaerat assumenda et provident inventore. Nihil et modi incidunt explicabo. Sequi suscipit earum enim id dolorem et. Sint dolor consequatur repellendus tenetur dolorem tenetur. Dolore adipisci deserunt est asperiores. Incidunt ipsum veritatis sed cum. Dolorum voluptatem ad expedita officia tenetur et.', 'PUBLISHED', 'https://lorempixel.com/1200/400/?16012', '2018-04-12 03:53:06', '2018-04-12 03:53:06'),
(185, 21, 12, 'Incidunt aperiam doloremque nemo beatae voluptas.', 'incidunt-aperiam-doloremque-nemo-beatae-voluptas', 'Sunt deserunt unde molestias placeat. Odit voluptatem aliquam ducimus ut unde. Enim omnis quasi cum quod et.', 'Incidunt molestias architecto asperiores blanditiis quidem. Et velit qui quia voluptatem. Magnam rerum commodi non in. Sed reiciendis voluptate dolores temporibus odio. Voluptatem eveniet possimus non expedita. Minus in qui dolorem ducimus voluptas iusto quaerat. Sint possimus repellat aut blanditiis corrupti et quaerat molestiae. Neque quo corrupti ipsam repudiandae libero occaecati nisi. Nam suscipit aut quia ut vero et commodi nihil.', 'PUBLISHED', 'https://lorempixel.com/1200/400/?81416', '2018-04-12 03:53:06', '2018-04-12 03:53:06'),
(186, 4, 15, 'Ea accusamus quam dolorem laudantium.', 'ea-accusamus-quam-dolorem-laudantium', 'Et ab quis maiores rem. Quidem officiis ipsam ullam eos dignissimos. Expedita adipisci qui occaecati cupiditate.', 'Odit reprehenderit debitis dolorem architecto enim. Id saepe unde voluptas eos vel suscipit. Ratione et est velit delectus reiciendis eligendi sequi voluptatum. Esse expedita suscipit voluptate quas consectetur omnis nisi adipisci. Delectus eos amet facilis cupiditate quos. Aut quaerat illum consequatur autem. Provident esse iste quas.', 'DRAFT', 'https://lorempixel.com/1200/400/?41623', '2018-04-12 03:53:06', '2018-04-12 03:53:06'),
(187, 18, 8, 'Voluptatem nostrum quis eligendi mollitia non.', 'voluptatem-nostrum-quis-eligendi-mollitia-non', 'Est adipisci soluta quisquam ipsum omnis omnis. Dolor odit quo omnis eveniet aliquam. Aut sit consectetur et ducimus nisi. Ab omnis voluptatem expedita.', 'Incidunt qui enim maxime sed corrupti. Nesciunt sit commodi ab velit vel. Voluptas tempora ratione tempora. Debitis deleniti assumenda velit voluptates suscipit excepturi maxime. Odio facilis dolor consectetur fugit aperiam. Sequi praesentium cupiditate veritatis quia optio. Et dicta sed rerum omnis in fugit. Eius corrupti autem laudantium voluptates sed. Nulla maxime impedit perspiciatis dignissimos illum aut in.', 'PUBLISHED', 'https://lorempixel.com/1200/400/?44238', '2018-04-12 03:53:06', '2018-04-12 03:53:06'),
(190, 22, 4, 'Enim iste officiis ut.', 'enim-iste-officiis-ut', 'Blanditiis velit et qui. Et ut nemo ut consectetur dicta. Tempore qui ut esse iste sed et. Magnam quasi in consectetur quis exercitationem.', 'Voluptates molestias a ut. Autem ut quam doloribus rerum in. Praesentium et dolores odit provident atque culpa. Esse qui earum aut qui et consectetur sit perferendis. Eum tenetur eligendi sed ut odio quos nisi molestiae. Qui eligendi iusto qui voluptatem nostrum excepturi. Rerum hic non dolore. Esse possimus molestias molestiae exercitationem eos quo. Et est voluptatem et quasi quae qui. Dolor sed maxime velit ratione voluptatem tenetur quo ipsam. Et ut ducimus hic dignissimos ut.', 'DRAFT', 'https://lorempixel.com/1200/400/?75094', '2018-04-12 03:53:06', '2018-04-12 03:53:06'),
(192, 19, 11, 'Cupiditate perspiciatis aliquam dolorem et.', 'cupiditate-perspiciatis-aliquam-dolorem-et', 'Hic quidem mollitia quod quis sunt hic quis quia. Nobis voluptas commodi facilis voluptatem. Quia sint culpa dolorum laboriosam aut ducimus nisi.', 'Maiores voluptates facilis neque non vitae cupiditate consequatur. Et sed quia reprehenderit molestiae est rem deserunt perferendis. Sint illo eius ut voluptates beatae. Quia assumenda accusamus et sunt officia et. Dolorem quasi autem doloremque quis. Ducimus minus et dolores dolores ad. Quia voluptas molestiae magni laudantium omnis.', 'PUBLISHED', 'https://lorempixel.com/1200/400/?71695', '2018-04-12 03:53:06', '2018-04-12 03:53:06'),
(193, 7, 5, 'Modi dolor aut error amet.', 'modi-dolor-aut-error-amet', 'Doloremque laborum occaecati magni cumque et rerum rerum. Debitis sint iste occaecati deleniti. Nostrum nam vero velit fugit. Dolorum rerum et blanditiis et fugit.', 'Sed quo itaque quod ipsum rerum ut. Ab voluptate ipsum rem quia neque. Pariatur non ab non laudantium quo ipsum ipsum. Ipsa officiis nemo rerum beatae et incidunt fuga culpa. Voluptatum illum illo aspernatur sed earum impedit quas similique. Eum cupiditate molestiae ut. Autem doloremque ratione dolor aspernatur repellat. Ipsa non qui fugiat itaque dolores non. Non sapiente itaque beatae ut. Minima saepe unde pariatur quibusdam dolore.', 'PUBLISHED', 'https://lorempixel.com/1200/400/?76557', '2018-04-12 03:53:06', '2018-04-12 03:53:06'),
(194, 2, 11, 'Et perspiciatis eum deleniti eum.', 'et-perspiciatis-eum-deleniti-eum', 'Ducimus mollitia praesentium voluptatem dolor. Et voluptatem voluptate voluptatem. Consequatur odio in magnam laboriosam reprehenderit sint recusandae. Cupiditate quia unde perferendis velit natus.', 'Qui sed sequi rerum voluptate est corrupti eaque. Odio voluptatum quam consectetur id. Dolores et ipsa et itaque aut qui debitis. In quia rerum culpa neque eaque. Velit esse omnis temporibus numquam. Sit nemo consequatur placeat dolores possimus et. Minus deserunt odit ipsa et amet et. Harum dolore adipisci et ut. Asperiores animi qui et ab et.', 'PUBLISHED', 'https://lorempixel.com/1200/400/?42149', '2018-04-12 03:53:06', '2018-04-12 03:53:06'),
(195, 4, 4, 'Voluptatibus minus voluptatibus voluptas.', 'voluptatibus-minus-voluptatibus-voluptas', 'Qui et velit velit maxime vitae et accusantium nam. Eveniet consequatur maiores ullam ut vel repellat qui. Et harum placeat vero reprehenderit id quisquam earum voluptatem.', 'Vitae eos illo repellendus quisquam dicta maiores temporibus. Sit harum enim aut fuga provident dolor deserunt ut. Architecto omnis itaque et corrupti velit id. Iure non aut fugiat ut sapiente. Inventore repellat omnis expedita harum. Dicta laudantium ut possimus consequatur optio. Neque pariatur consectetur qui molestias pariatur.', 'PUBLISHED', 'https://lorempixel.com/1200/400/?39563', '2018-04-12 03:53:06', '2018-04-12 03:53:06'),
(196, 30, 18, 'Minima similique sint excepturi autem.', 'minima-similique-sint-excepturi-autem', 'Iure velit animi ex reiciendis minima. Et numquam sunt ea unde dolor voluptatem iste. Necessitatibus veniam sed dignissimos et quas et ducimus. Quos ut ut soluta nam.', 'Rerum et voluptatem dicta. Rerum qui occaecati assumenda rerum ad sequi voluptate ipsam. Veritatis nobis dolores similique nobis autem ut. Adipisci blanditiis reiciendis est dolor animi dolorum sint. Est autem enim dolorem vel quidem facere nemo sapiente. Eius veniam rerum nostrum in perferendis facilis aut. Optio iure quas officia suscipit quae.', 'DRAFT', 'https://lorempixel.com/1200/400/?15938', '2018-04-12 03:53:06', '2018-04-12 03:53:06'),
(197, 10, 6, 'Reiciendis harum eos fuga quam.', 'reiciendis-harum-eos-fuga-quam', 'Omnis impedit consequuntur nostrum consequatur laudantium rem. Sint fugit a libero voluptatem alias. Eligendi tempora optio nemo incidunt vel est.', 'Fuga et doloremque totam dolores itaque molestiae. Nesciunt neque itaque tenetur. Repellat autem dolor quidem veniam cum impedit perferendis. Ea dolorum cumque ut quo unde dolores. Cum dolores repellat quos labore deserunt. Et aut facere ut quo aut. Iure dolorem neque cupiditate modi. Qui omnis itaque neque dolorem quo animi laborum. Iusto ea aut cumque. Quia et odio accusantium quo.', 'DRAFT', 'https://lorempixel.com/1200/400/?76762', '2018-04-12 03:53:06', '2018-04-12 03:53:06'),
(199, 2, 7, 'Et totam corporis consequatur rerum sit.', 'et-totam-corporis-consequatur-rerum-sit', 'Est qui delectus ipsum ipsam explicabo nam cupiditate provident. Qui cupiditate placeat nesciunt.', 'In reiciendis est soluta hic. Corporis ipsam ut doloremque incidunt. Dignissimos beatae et quis consectetur saepe error odio. Tempore et quia modi sit ut facilis. Necessitatibus voluptas pariatur suscipit quaerat beatae. Consectetur fugit ratione a temporibus ut labore sit. Sint occaecati ut consequatur illum in. At dolores nihil repudiandae odio. Consequatur laboriosam natus laudantium consequuntur nihil aut et.', 'PUBLISHED', 'https://lorempixel.com/1200/400/?68892', '2018-04-12 03:53:06', '2018-04-12 03:53:06'),
(200, 22, 5, 'In ab quisquam.', 'in-ab-quisquam', 'Possimus ipsa ducimus non possimus. Tempore rerum corrupti possimus amet earum ut nihil. Commodi qui et est placeat inventore. Numquam ut et odit molestiae.', 'Et nobis voluptate est. Sint ducimus quo voluptatem expedita tempore. Id autem impedit autem accusantium sit corrupti. Ipsa ut laudantium dicta ut error et et. Doloribus quidem enim est sit fugiat quam omnis. Et ducimus numquam velit molestias delectus dignissimos. Vitae minus minima rerum doloribus. Sint excepturi fuga consequatur tenetur quibusdam ab beatae. Neque rerum dolorum quaerat labore et placeat non. Iusto ipsa facere asperiores non voluptatum blanditiis nam ut.', 'PUBLISHED', 'https://lorempixel.com/1200/400/?72697', '2018-04-12 03:53:06', '2018-04-12 03:53:06'),
(201, 30, 15, 'Est animi consequatur.', 'est-animi-consequatur', 'Totam sed ipsum ipsam est delectus error atque doloribus. Dolore sed minima facere omnis optio corporis alias. Id id maxime distinctio eos. Aperiam dignissimos id amet quis quo omnis eligendi.', 'Accusamus alias tempora officia est dicta vel rem. Rerum sed repudiandae consequatur quia similique ut. Rerum illo quia corrupti quis expedita qui. Ipsum dolorem minus dolorum cupiditate sunt ut. Rerum ratione possimus ut sit consequuntur veritatis aut ipsum. Esse mollitia sint rerum. Nostrum corporis aut ullam iure ut omnis distinctio sunt. Dolorem illo odit beatae rerum enim eligendi corrupti. Magnam voluptas dolores quisquam. Quasi repellat delectus fuga suscipit officiis aut fuga.', 'DRAFT', 'https://lorempixel.com/1200/400/?70760', '2018-04-12 03:53:07', '2018-04-12 03:53:07'),
(203, 12, 7, 'Nemo cupiditate voluptatem.', 'nemo-cupiditate-voluptatem', 'Ad ut dignissimos eaque dolor quia harum provident. Quis illo delectus distinctio numquam nobis. Asperiores aliquid quo quia nesciunt molestias unde sit.', 'Deleniti et unde ut eligendi incidunt laboriosam sed. Id harum expedita consectetur accusamus ut voluptas. Praesentium quaerat quo aliquam atque perspiciatis vero id. Molestiae iusto debitis quaerat sed odit tenetur. Illo nesciunt facilis ipsam ipsam. Ex non neque neque consequuntur in aut in. Laborum beatae quo rerum esse rem adipisci explicabo neque.', 'PUBLISHED', 'https://lorempixel.com/1200/400/?93298', '2018-04-12 03:53:07', '2018-04-12 03:53:07'),
(204, 18, 8, 'Assumenda qui recusandae magni.', 'assumenda-qui-recusandae-magni', 'Beatae dolorum nemo enim vitae fuga qui. Et eligendi quia mollitia. Qui velit voluptatem eligendi quod nam nisi.', 'Ea dolor et aut voluptates ipsam omnis voluptatem. Et odio voluptatem inventore ab. Ut id nostrum aut laboriosam nisi similique ad. Et amet eum qui dicta ipsum distinctio sapiente cumque. A harum blanditiis officiis eius quis soluta. Quia sit aliquam rerum ea placeat non facilis. Ad repellat ad fugiat distinctio rerum laborum nesciunt. Aut vel assumenda facilis ipsam dolore animi. Quisquam corporis repudiandae possimus repellendus ea aperiam provident.', 'DRAFT', 'https://lorempixel.com/1200/400/?84773', '2018-04-12 03:53:07', '2018-04-12 03:53:07'),
(206, 1, 11, 'Omnis recusandae est voluptatum.', 'omnis-recusandae-est-voluptatum', 'Delectus explicabo blanditiis quas quis. Dolorem quas sunt odio aut. Et est iure unde facilis mollitia non.', 'Explicabo expedita minus vitae rerum. Quaerat earum repellendus numquam. Cumque similique hic aliquam natus et natus accusantium rerum. Quo sapiente dolore pariatur quaerat est et repellendus et. Neque culpa id et ut odio quis ducimus. Quis delectus qui nam quo. Fuga et placeat culpa asperiores. Facilis officia nihil quam officiis ab modi magnam. Nemo laborum in nostrum nihil et omnis. Quia fuga et rerum et sunt explicabo.', 'PUBLISHED', 'https://lorempixel.com/1200/400/?81865', '2018-04-12 03:53:07', '2018-04-12 03:53:07'),
(208, 9, 1, 'Odit voluptas aspernatur delectus.', 'odit-voluptas-aspernatur-delectus', 'Ut sed voluptatem numquam molestias rerum dolorem. Qui nisi saepe nobis occaecati blanditiis mollitia voluptates.', 'Odio nobis sunt dolorem enim voluptas cumque voluptatem ex. Magnam veniam molestias enim dolores aut et earum. Consequatur blanditiis repellendus libero voluptatem. Sequi perferendis accusantium recusandae neque cum enim commodi voluptatem. Omnis pariatur vitae enim delectus quia. Totam libero voluptas pariatur velit eum. Consequatur et ut voluptas fugit qui. Doloribus culpa optio corrupti. Atque illo incidunt aut hic consequatur.', 'PUBLISHED', 'https://lorempixel.com/1200/400/?22747', '2018-04-12 03:53:07', '2018-04-12 03:53:07'),
(209, 30, 2, 'Velit consequatur id ratione reprehenderit.', 'velit-consequatur-id-ratione-reprehenderit', 'Non omnis natus et beatae nemo hic veniam. Voluptatem consequatur fugit voluptatem et delectus. Quibusdam voluptates et et architecto earum veniam. Iusto quo voluptatibus ab vel quae.', 'Aut similique aut nam et enim amet accusantium. Veniam perferendis ad rem consequatur aliquid quia perferendis. Dignissimos est dolore omnis nesciunt reprehenderit. Fuga perspiciatis voluptatem explicabo explicabo corrupti aut. Quod qui illum autem deleniti quidem aperiam et. Nesciunt distinctio doloremque a et voluptas totam in facilis. Id ut nihil expedita vitae animi perspiciatis cum. Nihil repellat optio quibusdam ea voluptates corrupti.', 'DRAFT', 'https://lorempixel.com/1200/400/?21713', '2018-04-12 03:53:07', '2018-04-12 03:53:07'),
(211, 12, 17, 'Perferendis enim optio et.', 'perferendis-enim-optio-et', 'Nostrum dolor ad iusto. Aperiam aut eos aut provident et.', 'Accusantium et voluptas error alias maiores. Omnis temporibus non provident et. Tenetur explicabo ipsam fugit veniam illum. Exercitationem exercitationem est aliquam facere quaerat nemo libero. Qui possimus et aperiam vel assumenda. Dolorum quae omnis esse harum quos deleniti laboriosam. Ut et voluptatem quis non officiis ea iusto. Eos voluptatibus harum doloribus perspiciatis ut vel.', 'PUBLISHED', 'https://lorempixel.com/1200/400/?18293', '2018-04-12 03:53:07', '2018-04-12 03:53:07'),
(212, 19, 19, 'Voluptates natus eius.', 'voluptates-natus-eius', 'Maxime et rem consectetur inventore rerum rem. Enim est est cumque ut velit.', 'Cupiditate possimus et cum officia. Quasi aut sint nihil est quo perspiciatis. Et repellat provident omnis. Officia possimus voluptas iusto quod quisquam vel qui atque. Hic illum rerum sunt odit. Et modi tenetur modi omnis. Sapiente eaque inventore reiciendis beatae magni. Quam et corrupti molestiae quibusdam quo. Qui voluptas sequi ut dolorem sit. Nulla quos tenetur ipsa labore ut ducimus molestias. A nobis aliquid ipsum deserunt occaecati. Sit tempora et fuga harum ut.', 'DRAFT', 'https://lorempixel.com/1200/400/?11785', '2018-04-12 03:53:07', '2018-04-12 03:53:07'),
(213, 25, 9, 'Dolores aspernatur nostrum.', 'dolores-aspernatur-nostrum', 'Est dolores alias recusandae saepe sit sunt culpa. Autem quibusdam accusamus tenetur in quia sed. Ea et blanditiis rerum sint ex voluptas. Dolor debitis a distinctio.', 'Facilis nisi vel nostrum qui dolorem hic sed nemo. Voluptas rem possimus aliquid dolore nam. Quas illo quisquam fugiat necessitatibus fuga et aut. Et a qui mollitia atque dolor. Sequi ratione sint sed. Ipsum molestias eos ut est quidem. Eos provident est in aliquid suscipit et. Assumenda maxime voluptas et nam harum. Vero est consequatur molestias culpa libero quibusdam. Dolor odio sed nemo beatae adipisci. Ut aut in necessitatibus nihil officiis quo. Dolores aut quia nostrum est aspernatur.', 'PUBLISHED', 'https://lorempixel.com/1200/400/?35647', '2018-04-12 03:53:07', '2018-04-12 03:53:07'),
(214, 5, 1, 'Id eum enim quos quidem neque.', 'id-eum-enim-quos-quidem-neque', 'Rem totam quia cumque ut veritatis. Exercitationem amet quisquam aspernatur nesciunt.', 'Sint est dolorum nostrum delectus expedita aut facere. Amet qui in debitis. Ratione ut natus voluptas corrupti. Reprehenderit cumque et tempora est soluta ipsum vel. Soluta accusamus libero expedita dolor neque delectus at. Magni facere consequatur amet officiis facilis. Ipsum optio qui quia porro velit architecto. Nisi nobis fuga qui molestias iure rem. Rerum eos rerum aspernatur mollitia non. Amet laborum molestias natus dicta similique.', 'PUBLISHED', 'https://lorempixel.com/1200/400/?81598', '2018-04-12 03:53:07', '2018-04-12 03:53:07'),
(215, 16, 17, 'Cum odit blanditiis eveniet.', 'cum-odit-blanditiis-eveniet', 'Sit voluptatem id ipsa voluptatem fugiat. Eum quia accusamus velit voluptatum in animi.', 'Ea tenetur iure enim eaque animi delectus quo. Ad quia magni eligendi et. Tenetur atque libero aspernatur dolores dolorem. Eveniet qui et adipisci debitis quibusdam ea excepturi deserunt. Perferendis ea sit expedita eligendi tenetur illum. Doloribus odio aliquid dolore sunt voluptatem. Iure culpa velit eum. Sint voluptatum aut doloremque amet. Nisi aliquam at asperiores sit. Ducimus laboriosam corporis libero voluptatem vel ut.', 'PUBLISHED', 'https://lorempixel.com/1200/400/?10475', '2018-04-12 03:53:07', '2018-04-12 03:53:07'),
(216, 10, 18, 'Eveniet commodi deserunt ipsum.', 'eveniet-commodi-deserunt-ipsum', 'Perferendis ut sit sed ut perferendis. Excepturi id voluptate assumenda tenetur est totam repudiandae. Qui culpa inventore cumque.', 'Labore praesentium cupiditate id excepturi quis. Ipsa saepe reiciendis nostrum minus. Omnis explicabo fuga dolor odit sint. Placeat assumenda omnis esse quidem eum doloremque qui harum. Illo asperiores esse voluptatem minima. Labore ut recusandae vel neque maiores necessitatibus. Praesentium ad quis nesciunt porro vero autem nihil. Quod est id perspiciatis. Ut dolorum laborum aut qui pariatur vel sunt. Deleniti eaque aut et nam qui. Eligendi quod necessitatibus omnis minima cum laborum.', 'DRAFT', 'https://lorempixel.com/1200/400/?35620', '2018-04-12 03:53:07', '2018-04-12 03:53:07'),
(217, 6, 6, 'Qui nam fuga.', 'qui-nam-fuga', 'Aliquid et nemo beatae quis accusantium. Sit impedit dolorem consequatur sed facilis qui. Fugit fuga quae enim. Ut fugit quibusdam ut atque rerum.', 'Quasi repudiandae dolorum dolore aperiam expedita vel est. Voluptatibus porro aliquid repellat vel nemo quas. Unde libero quo fuga perspiciatis saepe assumenda. Totam quo nulla totam ipsum assumenda dolores. Adipisci non vel et. Omnis sit libero illum. Ad laboriosam eum et sed. Fugit labore voluptatum autem minima itaque qui deleniti. Eius rem voluptatum quibusdam eum. Magnam perspiciatis voluptatem molestias non. Est distinctio est voluptates placeat recusandae soluta quas excepturi.', 'PUBLISHED', 'https://lorempixel.com/1200/400/?18561', '2018-04-12 03:53:07', '2018-04-12 03:53:07'),
(218, 21, 11, 'Recusandae minima qui qui dignissimos.', 'recusandae-minima-qui-qui-dignissimos', 'Eos culpa libero nam rerum ut atque enim. Vel optio nobis quis voluptatibus et similique modi in. Alias molestiae perspiciatis possimus fugiat eveniet non.', 'Iste voluptatem repellat sint vitae quia libero delectus molestiae. Et sint ex nostrum ipsum ut. Dolore odio sit recusandae exercitationem eligendi voluptates impedit qui. Vitae ipsa molestiae nulla qui provident. Dolore libero nihil et commodi. Et suscipit tempore soluta non nihil ea nemo. Et officiis voluptatem est repudiandae corporis. Illum velit a corrupti sunt dolor ut eum voluptatem. Ipsum magnam veritatis eligendi est odio quam in.', 'DRAFT', 'https://lorempixel.com/1200/400/?70874', '2018-04-12 03:53:07', '2018-04-12 03:53:07'),
(219, 3, 13, 'Maxime maiores vel et in.', 'maxime-maiores-vel-et-in', 'Odio sit veritatis voluptas quo sint quibusdam nobis. Totam molestias dolorem nisi quae et corporis quibusdam in. Quae totam odit deleniti quo voluptates omnis natus. Enim tenetur velit minus hic id.', 'Excepturi tempora explicabo est at totam a. Libero possimus optio eveniet harum. In quidem omnis in. Corporis recusandae dolor reiciendis magni mollitia quo saepe ut. Consectetur provident mollitia consequatur cum sint qui illum. Atque odit consequatur facere expedita rerum incidunt. Vero quibusdam in inventore voluptate unde corporis. Corporis corrupti veniam soluta voluptatem nisi temporibus molestiae alias.', 'DRAFT', 'https://lorempixel.com/1200/400/?62951', '2018-04-12 03:53:07', '2018-04-12 03:53:07'),
(220, 5, 13, 'Hic illo eum.', 'hic-illo-eum', 'Voluptas ut voluptas et deleniti sequi atque. Distinctio maxime perferendis fuga doloribus quia. Ad est voluptas nemo ducimus omnis. Nemo sint cupiditate sequi placeat.', 'Facilis quo quaerat dolor dignissimos. Enim excepturi magnam vel consectetur excepturi asperiores. At porro vero et ipsa suscipit. Id mollitia ratione at excepturi. Blanditiis iusto consequatur totam quis. Non et aut eius et magnam. Sequi exercitationem blanditiis enim. Dolores rem expedita velit voluptatem. Qui id nostrum assumenda eveniet nam libero architecto doloribus. Consequuntur ut non quibusdam et impedit laboriosam.', 'DRAFT', 'https://lorempixel.com/1200/400/?16466', '2018-04-12 03:53:07', '2018-04-12 03:53:07'),
(222, 7, 4, 'Sed est totam.', 'sed-est-totam', 'Et aut eum molestiae ratione omnis. Aut maxime dolore assumenda consequatur. Aspernatur qui excepturi recusandae aperiam. Necessitatibus totam fugiat id.', 'Quas delectus sunt voluptate consequatur et. Hic magnam error consequatur. Libero consequuntur et mollitia natus. Voluptas assumenda velit in necessitatibus facere. Doloremque architecto expedita veniam. Praesentium officiis suscipit dolorem et laborum. Non iure voluptas incidunt sed tempore tempora. Aut reiciendis aut enim magni sed. Doloremque quibusdam ut corrupti a. Est sit aut ut praesentium facere ut et. Sit rerum culpa et quae perferendis et.', 'DRAFT', 'https://lorempixel.com/1200/400/?20068', '2018-04-12 03:53:07', '2018-04-12 03:53:07'),
(223, 25, 2, 'Unde mollitia consequatur et tempore.', 'unde-mollitia-consequatur-et-tempore', 'Exercitationem dolor commodi eos maiores et est. Modi nihil vel quasi nemo saepe. Ea placeat odit qui.', 'Dolorem dignissimos omnis excepturi enim nesciunt rerum. Facere earum quod nulla occaecati ducimus voluptas. Expedita magni nihil at ut. Distinctio aperiam perferendis tempore facilis eos. Totam explicabo ipsam et corporis reiciendis aperiam sit. Nulla ex aperiam ipsam dolores qui. Illum cupiditate dolorum ipsum inventore. Illo deserunt facere a rerum in commodi aut rerum.', 'PUBLISHED', 'https://lorempixel.com/1200/400/?88229', '2018-04-12 03:53:07', '2018-04-12 03:53:07'),
(225, 19, 6, 'Est voluptatem dolorum aut aut.', 'est-voluptatem-dolorum-aut-aut', 'Consequatur cupiditate aut voluptatem quidem nisi. Sunt ab eveniet maiores neque assumenda voluptatibus ut quas. Ut amet maiores voluptates quod. Enim libero rerum minus amet facilis dicta numquam.', 'Alias nihil repellendus fugit. Veniam facilis iste praesentium ut. Repellat id quia omnis. Voluptatum consequatur vitae labore laboriosam. Neque quis necessitatibus itaque quia velit. Dolores quisquam dolores animi pariatur ex nihil. Qui aliquam nihil libero dolor. Facilis provident recusandae sed modi. Culpa nihil et itaque cupiditate vel esse. Dolorem minima fugit modi et qui iusto perspiciatis.', 'DRAFT', 'https://lorempixel.com/1200/400/?43227', '2018-04-12 03:53:08', '2018-04-12 03:53:08'),
(226, 15, 15, 'Ratione aut iusto distinctio.', 'ratione-aut-iusto-distinctio', 'Impedit nobis iusto laudantium nesciunt aut et voluptas magnam. Eum repudiandae eligendi voluptatem est esse et et. Voluptatibus quisquam ullam provident labore deleniti voluptatem sint.', 'Eum deserunt incidunt et velit. Perferendis voluptate eveniet et officia omnis. Incidunt nulla aliquam eos aliquam dolor blanditiis eos. Voluptatem molestiae mollitia odit sequi. Officia accusantium mollitia autem non praesentium adipisci. Illum vel libero maiores sit sed omnis dolor. Quo molestiae fuga non inventore cum. Eaque non reiciendis doloribus aut qui. Est repudiandae voluptas et qui exercitationem. Consequatur quis maxime sit.', 'PUBLISHED', 'https://lorempixel.com/1200/400/?93991', '2018-04-12 03:53:08', '2018-04-12 03:53:08'),
(227, 16, 17, 'Quia aut quas a.', 'quia-aut-quas-a', 'Ea vel dolorem sed cumque iure. Libero ad dolor odit rem odit. In voluptas cumque deleniti voluptas qui.', 'Dolorum quia temporibus est nostrum voluptas mollitia incidunt. Voluptate aliquam et temporibus libero unde. Laboriosam ducimus dolores quisquam itaque itaque adipisci. Blanditiis quia odio nihil nostrum accusamus autem aliquam. Dolorem dolore et laboriosam ad iure sunt veniam nam. Quisquam eum recusandae et odit non. Nulla ut expedita voluptatum qui error non excepturi dolorum. Voluptatem a aut ea quaerat et tempora. Ab libero sit aperiam sapiente similique. Suscipit non quia quia id.', 'DRAFT', 'https://lorempixel.com/1200/400/?22959', '2018-04-12 03:53:08', '2018-04-12 03:53:08'),
(228, 5, 8, 'Aperiam delectus eveniet asperiores.', 'aperiam-delectus-eveniet-asperiores', 'Explicabo omnis quod qui voluptas excepturi consequatur. Veritatis numquam excepturi debitis quibusdam ut laboriosam quaerat. Eos et earum natus.', 'Commodi pariatur dolorem asperiores. Dignissimos ducimus laborum sit in quam. Eum voluptate aliquid quo suscipit. Sit qui laboriosam sapiente architecto exercitationem sapiente. Ducimus quidem est repellendus iure laboriosam iusto expedita. Recusandae eum voluptas nihil atque incidunt. Voluptates tempora veritatis qui neque. Eos sapiente illum mollitia exercitationem. Iure id natus sunt fuga amet. Quis voluptate qui sit nihil repellendus exercitationem molestiae.', 'PUBLISHED', 'https://lorempixel.com/1200/400/?78724', '2018-04-12 03:53:08', '2018-04-12 03:53:08'),
(229, 6, 1, 'Quia debitis laboriosam.', 'quia-debitis-laboriosam', 'Deserunt quia quo assumenda asperiores. Quis eum et est quo. Dolores aliquam cum assumenda et dolorem.', 'Enim sed fugiat neque quis fuga porro iure. Maxime eos ipsam molestias quaerat sint. Consequatur quos quasi est ut. Est laboriosam dolorem quos ullam et. Et quam blanditiis est at dolorem voluptatum. Quisquam asperiores sit excepturi. Aut vero dolorem ratione quia vitae quibusdam minus. Perferendis ea quam consequuntur. Eaque rerum odit delectus. Temporibus quia minus optio eius quaerat. Et blanditiis in itaque quibusdam reiciendis nam voluptatem. Ratione fugit ipsum consectetur.', 'PUBLISHED', 'https://lorempixel.com/1200/400/?72208', '2018-04-12 03:53:08', '2018-04-12 03:53:08'),
(230, 9, 19, 'Sit iste nobis.', 'sit-iste-nobis', 'Iste vel expedita maxime possimus dolor unde. Ut eaque et iusto. Velit quis illum sint et dolor et. Ut dignissimos eius aliquid quae omnis et rerum totam.', 'Ullam aut beatae saepe rerum perferendis quod cupiditate. Qui facere et libero. Aliquam natus exercitationem dicta ratione a sed. Vitae qui perferendis assumenda voluptate deleniti consectetur. Quo aperiam et rerum qui. Debitis libero tempora aut. Doloribus veniam iusto quia velit. Temporibus et aut aut aut provident amet eveniet. Sit alias dolorem vel labore ullam. Soluta corrupti sunt aspernatur non sed. Porro ratione ut aliquid odit.', 'DRAFT', 'https://lorempixel.com/1200/400/?47343', '2018-04-12 03:53:08', '2018-04-12 03:53:08'),
(232, 25, 19, 'Velit et distinctio maxime cupiditate.', 'velit-et-distinctio-maxime-cupiditate', 'Quo libero repellendus et magni quos asperiores exercitationem. Dolorem iste inventore ab distinctio. Quia soluta qui fuga eum rem.', 'Omnis ab ipsum veniam vel commodi. Architecto tenetur est facere doloribus consequatur. Eos illum eum nesciunt quos. Laborum autem ut similique eum. Debitis temporibus iusto officiis. Saepe eius laboriosam possimus quia. Enim mollitia molestiae illo minima maiores. Sequi eos eum odit ut totam non dolorum. Explicabo dignissimos velit est tenetur sapiente corrupti minima.', 'PUBLISHED', 'https://lorempixel.com/1200/400/?21273', '2018-04-12 03:53:09', '2018-04-12 03:53:09'),
(233, 9, 4, 'Aperiam tempora qui cum.', 'aperiam-tempora-qui-cum', 'Ut iusto velit qui tempora. Consequatur tenetur ut maxime sunt sed est tenetur. Perspiciatis nam a asperiores facere excepturi.', 'Nostrum aut aspernatur error exercitationem natus dolorem. Est possimus omnis facere. Facere esse fuga voluptas consectetur quis. Eaque ab id non eum. Qui porro aliquam eum ab modi dolorum itaque. Nisi saepe at porro sit corrupti. Quasi eaque qui autem repellendus. Quaerat facilis ut quod qui. Temporibus ad dignissimos velit enim et tempore. Omnis blanditiis ea cumque harum quidem exercitationem qui. Et qui deleniti officiis omnis repellendus qui quis.', 'PUBLISHED', 'https://lorempixel.com/1200/400/?63017', '2018-04-12 03:53:09', '2018-04-12 03:53:09'),
(234, 9, 11, 'Ad unde voluptas sunt.', 'ad-unde-voluptas-sunt', 'Nihil nam et quidem fuga qui qui. Neque nemo voluptatem officiis voluptatem in deserunt eos. Eligendi libero fugiat deserunt odit velit harum est.', 'Et iste eos ut ut. Quia reiciendis quaerat accusamus quibusdam occaecati id et. Et animi unde neque deserunt ut omnis. Voluptatem eos aliquam dolor minus necessitatibus doloremque praesentium. Ad quos quas qui tenetur nobis ut. Ex sunt sapiente iusto id et facere minus. Quod est sit hic tenetur. Explicabo quis nam omnis quam sit et. Deleniti vel nihil consequatur ipsam et eos molestias et. Atque est dolor ut maxime laudantium est repudiandae.', 'PUBLISHED', 'https://lorempixel.com/1200/400/?33606', '2018-04-12 03:53:09', '2018-04-12 03:53:09'),
(235, 20, 8, 'Deserunt dicta qui et sint nobis.', 'deserunt-dicta-qui-et-sint-nobis', 'Nam explicabo non quo rem. Omnis et nostrum soluta impedit tenetur sit sit. Sed facere harum temporibus neque cum hic dicta error. Modi eos impedit dolores aperiam aperiam accusantium.', 'Assumenda fugiat omnis ut doloremque. Mollitia officia aut exercitationem sed. Minus rerum amet enim sit sequi. Est sunt quia voluptate omnis quia explicabo. Cumque repudiandae eos voluptatum eos laudantium facere. Tempora officia est excepturi exercitationem est cumque et. Tempore voluptatem similique ab sed ea maxime. Tenetur sunt repellat ipsam ipsum perferendis et impedit repellat. Amet sapiente ea accusantium aut. Tempore dicta ex dolores eum.', 'DRAFT', 'https://lorempixel.com/1200/400/?26568', '2018-04-12 03:53:09', '2018-04-12 03:53:09'),
(236, 19, 5, 'Consequatur commodi harum.', 'consequatur-commodi-harum', 'Sequi aut placeat ut consequatur itaque. Rerum atque voluptate suscipit ad. Amet sint ut consequuntur assumenda. Velit ut sapiente deserunt illo.', 'Maxime asperiores est dolore voluptate quo molestiae odit. Quasi ut aut delectus omnis fugit ut. Voluptatem quibusdam porro ut ut. Natus incidunt blanditiis quod enim atque facere maiores aut. Deleniti quos qui illo est totam deserunt debitis. Recusandae molestiae ut molestiae nostrum deleniti et. Dicta quos earum quo libero est non repellat. Voluptatem incidunt cum numquam voluptas cum eos magni.', 'DRAFT', 'https://lorempixel.com/1200/400/?81270', '2018-04-12 03:53:09', '2018-04-12 03:53:09'),
(237, 21, 12, 'Harum unde nobis.', 'harum-unde-nobis', 'Molestiae est officiis veritatis et hic qui. Reiciendis voluptas optio quidem velit aut qui adipisci. Possimus dicta itaque quaerat. Eum consequuntur molestias itaque consectetur sit.', 'Est qui illum corrupti sed. Dolores sed iusto est eaque blanditiis adipisci nesciunt et. Nam dolor voluptatum ipsa aut. Voluptates sapiente esse repudiandae. Non aut quia cupiditate adipisci vero. Accusamus minima qui dolor consequuntur tempore et. Id mollitia qui veritatis nesciunt. Non veniam numquam ut voluptas. Dolore aperiam architecto a et. Rerum voluptate facere dolor.', 'DRAFT', 'https://lorempixel.com/1200/400/?49222', '2018-04-12 03:53:09', '2018-04-12 03:53:09'),
(238, 9, 5, 'Sint odit quo rerum.', 'sint-odit-quo-rerum', 'Odit neque est exercitationem quae sed excepturi. Et id voluptates amet adipisci maiores doloremque. Cumque sapiente nulla sunt ipsam labore dolorum atque id.', 'Distinctio consequatur maiores cupiditate consequuntur. Sit fugiat suscipit cumque facere et debitis. Cupiditate dolores consequatur repellendus quas explicabo exercitationem ea dicta. Aut debitis inventore dolorem non rem delectus dolorem. Saepe placeat sint facere et corrupti nihil qui aut. Quod commodi commodi quia impedit voluptatem. Consectetur et laboriosam est rerum quae molestiae odio. Sed fugiat voluptas hic fuga sequi dolore magni.', 'DRAFT', 'https://lorempixel.com/1200/400/?75975', '2018-04-12 03:53:09', '2018-04-12 03:53:09'),
(239, 19, 13, 'Omnis rerum nemo.', 'omnis-rerum-nemo', 'Nobis voluptatem sed eum sunt et voluptatibus. Aliquam animi porro aut perferendis qui aliquam. Quo aperiam in molestias doloribus sunt temporibus harum. Earum repellat qui itaque id et.', 'Animi laboriosam sit sed similique doloribus. Officiis impedit quas sit rerum eius omnis. Voluptatibus qui qui molestiae id ratione. Velit vel eveniet velit totam quia nobis eos. Enim adipisci corrupti aliquid id dicta facilis iure. Ut fuga vel temporibus et eum. Vitae reprehenderit delectus ipsa et minus delectus iste consequuntur. Perspiciatis quo quia nobis qui eaque sunt. Ut id perspiciatis quas aut ea. Vero voluptatem voluptatum officiis voluptatem. Facilis est a culpa iste.', 'DRAFT', 'https://lorempixel.com/1200/400/?30752', '2018-04-12 03:53:09', '2018-04-12 03:53:09'),
(240, 9, 2, 'Delectus aliquam voluptatem consectetur voluptatibus.', 'delectus-aliquam-voluptatem-consectetur-voluptatibus', 'Impedit neque a nesciunt. Corrupti est amet assumenda placeat. Non aspernatur quae iure accusantium et qui sit nesciunt. Dignissimos aut est quia ipsa atque est porro.', 'Reiciendis qui aut quia at sint architecto. Est id delectus eum similique perferendis nam praesentium. Ut assumenda inventore aut veniam dolor voluptas voluptatem eius. Aperiam doloribus ipsam excepturi sequi a neque. Voluptas dolorem voluptas tenetur eum. Nulla magni sunt in. Dignissimos incidunt vel est aliquid quos. Vero et consequatur velit repellendus. Aut et tenetur quia voluptas suscipit. Quos et doloremque magni similique eius porro.', 'DRAFT', 'https://lorempixel.com/1200/400/?42962', '2018-04-12 03:53:09', '2018-04-12 03:53:09'),
(241, 5, 18, 'Alias ut aut.', 'alias-ut-aut', 'In cumque voluptas culpa enim pariatur et deleniti. Consequatur maiores eveniet quis dicta corrupti rerum. Amet dignissimos nulla sit illum nobis quo incidunt.', 'Neque impedit dolor et ex cumque vel labore. Fugit illum nobis deserunt iste aut necessitatibus quasi. Suscipit assumenda debitis voluptatem sunt eos. Qui asperiores delectus neque est earum aut illo. Voluptatem error et laboriosam culpa provident voluptatem quo. Ad autem iure iure ipsam ut. Aut a maiores reprehenderit aut. Quis molestiae omnis ad qui rem ullam enim eveniet.', 'PUBLISHED', 'https://lorempixel.com/1200/400/?51897', '2018-04-12 03:53:09', '2018-04-12 03:53:09'),
(242, 2, 18, 'Repellat libero in.', 'repellat-libero-in', 'Dicta omnis atque consequatur. Est ab fugiat necessitatibus odio voluptatem dolor voluptates. Sint dolorem illum veniam non alias. Ex minus delectus architecto perspiciatis qui.', 'Qui praesentium labore voluptatem dolores ut aliquid dicta. Accusamus voluptatem voluptates ipsum soluta illo. Quis ab totam fuga necessitatibus. Ab fuga aut porro labore. Temporibus doloremque velit magnam molestias eaque temporibus. Quia animi perspiciatis quasi laborum qui eum earum. Et possimus et dolorum distinctio quaerat. Beatae fuga nemo totam et eum. Id ullam tempora nemo illo neque consequatur. Voluptas in neque non molestiae.', 'PUBLISHED', 'https://lorempixel.com/1200/400/?15193', '2018-04-12 03:53:09', '2018-04-12 03:53:09'),
(243, 16, 5, 'Soluta tempora ad eum.', 'soluta-tempora-ad-eum', 'Ut maiores eligendi dolore. Et laboriosam reprehenderit et sed minima. Aut sed ut dolore eius consequatur alias.', 'Fuga dolorem est magnam aliquid nisi. Ea rem ea dolor explicabo odio numquam. Autem aliquid incidunt quo aut quis. Cumque ipsum qui ut minus provident rem. Labore sed id pariatur facilis. Exercitationem rerum non ratione molestias. Deleniti vitae quod consequatur ipsum. Aut eius iusto neque earum eos. Expedita facere autem unde pariatur veritatis fuga aliquid. Non fugit dicta perferendis explicabo incidunt natus aut reprehenderit. Qui distinctio repellendus ullam quas quis.', 'PUBLISHED', 'https://lorempixel.com/1200/400/?90103', '2018-04-12 03:53:09', '2018-04-12 03:53:09');
INSERT INTO `posts` (`id`, `user_id`, `category_id`, `name`, `slug`, `excerpt`, `body`, `status`, `file`, `created_at`, `updated_at`) VALUES
(244, 17, 5, 'Est soluta et rerum vel placeat.', 'est-soluta-et-rerum-vel-placeat', 'Enim non et soluta sapiente vel temporibus qui facilis. Expedita quo reprehenderit sit repellat explicabo nihil. Explicabo possimus quis maiores omnis est. Odit ex doloremque esse rerum sit.', 'Expedita omnis expedita consequatur eum. Rerum iusto ut dicta eaque rerum quas eos velit. Pariatur ad fuga vel nam. Explicabo modi consequatur aliquam corporis quia dolor. Sint quam iusto vitae repudiandae harum. Ipsam id corporis sapiente perferendis vel. Dignissimos consectetur corporis sapiente harum. Ipsum sapiente debitis veritatis soluta. Omnis natus atque nesciunt esse.', 'PUBLISHED', 'https://lorempixel.com/1200/400/?88063', '2018-04-12 03:53:09', '2018-04-12 03:53:09'),
(245, 13, 19, 'Animi consequuntur laboriosam quod.', 'animi-consequuntur-laboriosam-quod', 'Ipsam sed reiciendis ex quia tenetur consequatur nulla. Cupiditate distinctio ut et illo fugiat aliquid dolores et. Animi rerum sint praesentium esse et in. Ut nostrum saepe ducimus quis et neque ea.', 'Rerum ut cum deserunt doloribus impedit. Porro ipsa velit exercitationem neque. Autem similique odit neque molestiae doloribus. Consequatur corrupti quisquam quo sint. Nihil qui et veritatis blanditiis. Cumque totam quae aut soluta in laboriosam sint. Magni dolore velit et adipisci id consectetur qui. Ratione natus dolores adipisci quia delectus dolores eaque et.', 'DRAFT', 'https://lorempixel.com/1200/400/?31226', '2018-04-12 03:53:09', '2018-04-12 03:53:09'),
(246, 9, 4, 'Eos eum doloribus.', 'eos-eum-doloribus', 'Aut voluptatem nihil dicta est et. At tempora sit facilis optio quia consectetur similique rerum. Laudantium odio aspernatur minima mollitia cumque nihil.', 'Tenetur ullam accusamus qui neque quo eum eum. Voluptatibus voluptatem veritatis et illo sed aut. Porro repellat dolores sed vero at incidunt. Doloribus temporibus atque occaecati voluptas illo occaecati. Est praesentium quo culpa quia maxime laborum. Quam ut culpa quia ut voluptatem dolor. Natus temporibus maiores quis quas placeat non. Illum ut et quia. Ea quos esse itaque officiis ut nihil. Et architecto qui vel aut saepe et delectus cupiditate.', 'DRAFT', 'https://lorempixel.com/1200/400/?32765', '2018-04-12 03:53:09', '2018-04-12 03:53:09'),
(247, 3, 19, 'Voluptas id veniam aut aut.', 'voluptas-id-veniam-aut-aut', 'Ut sed amet odit porro repudiandae illo atque. Sunt fuga quaerat earum vel rerum aut. Eligendi perferendis occaecati omnis soluta et et quaerat.', 'Aut voluptas voluptatum quia enim perferendis nulla. Necessitatibus odio vel nulla nihil. Quia pariatur beatae qui quod. Quas delectus molestiae recusandae corrupti non inventore. Animi quas eos ea hic. Est quis facere modi quibusdam officia nam. Qui cupiditate asperiores a ducimus molestiae quisquam. Adipisci aut aperiam est dolore. Velit consequuntur repellendus itaque. Ut eius assumenda repellendus dolorum sunt animi. Omnis sapiente iure et in.', 'PUBLISHED', 'https://lorempixel.com/1200/400/?31295', '2018-04-12 03:53:09', '2018-04-12 03:53:09'),
(248, 6, 7, 'Officia quae ullam rerum.', 'officia-quae-ullam-rerum', 'Aut iure praesentium quasi quis sequi. Sequi velit fugit sunt architecto est blanditiis ratione. Officiis consequatur distinctio aut perferendis dolores itaque modi.', 'Dolorem aut itaque dignissimos adipisci sint ut. Est corporis id accusamus voluptas pariatur rerum corporis accusantium. Occaecati ab facilis veritatis. Eaque nostrum qui voluptate sit modi voluptatem pariatur. Enim et voluptates saepe et dolores. Eveniet rerum voluptatem ut soluta non iste. Et sequi voluptas tempore sed illo atque modi. Est illum doloremque autem fugiat quasi accusantium. Accusantium dolore error et ipsam. Alias consequatur ad fugiat magni.', 'PUBLISHED', 'https://lorempixel.com/1200/400/?22934', '2018-04-12 03:53:09', '2018-04-12 03:53:09'),
(249, 7, 10, 'Minus perferendis et modi.', 'minus-perferendis-et-modi', 'Explicabo quam blanditiis fuga praesentium. Error expedita consequatur repellendus. Molestiae nisi provident rem consequatur enim maxime ab mollitia. Fugit corporis in cum ut recusandae alias.', 'Alias eius deserunt voluptate eos est et voluptas. Impedit provident aut et voluptatibus et harum ad. Vel placeat aut quis aut voluptas aperiam voluptatem laboriosam. Corrupti ea consequuntur doloribus ipsa. Laborum quisquam delectus officia dolor. Eligendi quasi vero sunt dolores. Aliquid soluta aliquid tempore quia. Laudantium aut voluptas id error quia minus. Dicta ea et voluptatem fuga velit.', 'DRAFT', 'https://lorempixel.com/1200/400/?45931', '2018-04-12 03:53:09', '2018-04-12 03:53:09'),
(250, 23, 17, 'Sed ipsum dolores mollitia quod.', 'sed-ipsum-dolores-mollitia-quod', 'Quaerat eaque ad vitae. Error nam accusantium dolores delectus tenetur corrupti.', 'Cumque sapiente est labore dolores. Doloremque quidem nemo quia aut. Sit placeat architecto a dolorem hic earum. Rerum ad nesciunt voluptatem aut rerum id quidem. Tempora ipsam aspernatur consequuntur quia illo beatae illo. Aliquam in nihil minima rerum repellat. Nulla quam accusantium iste laboriosam quaerat et distinctio. Ut molestias neque deserunt enim totam quis. Alias voluptatum quisquam quia unde voluptatem. Sed non impedit cupiditate eum et.', 'DRAFT', 'https://lorempixel.com/1200/400/?54453', '2018-04-12 03:53:09', '2018-04-12 03:53:09'),
(251, 3, 9, 'Fugiat occaecati nesciunt eaque ipsam.', 'fugiat-occaecati-nesciunt-eaque-ipsam', 'Sequi deserunt quia veniam rem totam molestiae. Est culpa ut inventore nisi qui voluptatem. Deleniti perspiciatis consequatur quos minus harum voluptas. Et ea est ratione dolor quis qui dolorem.', 'Alias distinctio officiis sit labore. Ut optio harum architecto qui recusandae rem omnis. Aperiam et recusandae consequatur ipsam eos sint error. Minus labore nisi quo perspiciatis. Nisi ut aut vero deleniti placeat. Debitis et doloremque molestiae quod quibusdam. Ad rerum architecto est quis. Et quia saepe sequi. Consectetur expedita nihil in voluptatum incidunt officia. Alias nostrum quisquam temporibus dolor. Sunt occaecati quo fuga magnam voluptate veritatis corporis.', 'PUBLISHED', 'https://lorempixel.com/1200/400/?51286', '2018-04-12 03:53:09', '2018-04-12 03:53:09'),
(253, 11, 4, 'Ipsam vitae quia quia dolorem tempore.', 'ipsam-vitae-quia-quia-dolorem-tempore', 'Exercitationem alias soluta aspernatur odit ipsum. A dolor dolorum fugiat qui est. Necessitatibus quos eum sequi rerum inventore.', 'Tempore molestiae eveniet deleniti voluptas dicta. Qui saepe quidem blanditiis aspernatur. Voluptate rerum exercitationem ut dolor. Qui alias tempora ut corrupti dolor blanditiis. Sit aut sequi nam perspiciatis ipsa explicabo. Qui dolore ut ut quibusdam est ut. Recusandae eius neque sint debitis. Beatae architecto voluptas quibusdam nihil.', 'PUBLISHED', 'https://lorempixel.com/1200/400/?63992', '2018-04-12 03:53:10', '2018-04-12 03:53:10'),
(254, 7, 14, 'Delectus cum officia eveniet nemo.', 'delectus-cum-officia-eveniet-nemo', 'Maiores illo consequatur occaecati dolorum fugiat totam perferendis id. Sed iure eum voluptatum dolor tenetur natus voluptatem. Nisi sed placeat totam excepturi quisquam ut.', 'Est molestiae numquam porro totam. Aliquam libero enim illo delectus nisi facilis. Quia est quia reiciendis dolorem qui sequi quibusdam. Nihil est minima dolorem autem facilis perferendis. Nulla deleniti quaerat est dolorem. Ab nam in accusamus ut magni laborum tempore. Placeat quisquam excepturi sint rerum ut.', 'PUBLISHED', 'https://lorempixel.com/1200/400/?13299', '2018-04-12 03:53:10', '2018-04-12 03:53:10'),
(255, 8, 11, 'Sint omnis laudantium ducimus.', 'sint-omnis-laudantium-ducimus', 'Eaque ut et beatae voluptatem esse officiis. Maiores voluptatem magnam sed. Incidunt nulla qui ut et dolorem. Ut voluptas minus omnis est sed.', 'Quam consequatur exercitationem et suscipit similique in. Est earum et a excepturi exercitationem in. Nesciunt enim reprehenderit omnis quam et. Sequi consequatur sapiente sed aut incidunt. Adipisci voluptas ut accusantium voluptatem ut labore. Dolore laborum eligendi ab aspernatur molestiae ut id. Nihil officia et at facilis omnis mollitia molestiae. Quo earum animi quidem assumenda itaque accusamus. Iure dolore modi natus voluptatem totam.', 'DRAFT', 'https://lorempixel.com/1200/400/?23382', '2018-04-12 03:53:10', '2018-04-12 03:53:10'),
(256, 18, 14, 'Et quae quia fugit omnis.', 'et-quae-quia-fugit-omnis', 'Provident ab fugiat ipsa voluptatibus. Qui odit magnam perferendis quia. Quo dolorem dolor aspernatur dolorum earum provident. Quia earum quam voluptas ab aperiam.', 'Perspiciatis reprehenderit a et accusamus nostrum pariatur. Expedita laboriosam provident ut natus dolorem incidunt voluptatem. Autem dolorum est sed voluptas sit aut. Tempore quo doloremque est in. Magni odit accusamus molestiae labore animi odio a. Magnam in totam provident ea et. Sit qui doloribus hic ut voluptatem. Quia qui sed voluptatem rerum explicabo. Sed dolores voluptatem consequuntur facilis voluptatem provident voluptatem. Dolorem deleniti nemo quis et repudiandae vitae magnam enim.', 'PUBLISHED', 'https://lorempixel.com/1200/400/?77537', '2018-04-12 03:53:10', '2018-04-12 03:53:10'),
(257, 16, 18, 'Asperiores omnis autem deleniti velit.', 'asperiores-omnis-autem-deleniti-velit', 'Labore officia ut voluptatem. Dolor est in sit illum dolor aperiam similique. Rerum ut facilis eligendi quaerat. Inventore eos nam esse quaerat quidem quia. Libero qui unde ea pariatur.', 'Qui beatae esse molestiae aut assumenda cupiditate. Nihil dolor ex ut. Aut voluptas quae hic quo et sed amet. Quas blanditiis qui hic quis est necessitatibus autem. Ullam dolores rerum nostrum excepturi pariatur voluptatem. Quibusdam possimus rerum placeat. Et eum quia fugiat illum enim magni. Nostrum repellendus nostrum ea harum debitis.', 'DRAFT', 'https://lorempixel.com/1200/400/?66415', '2018-04-12 03:53:10', '2018-04-12 03:53:10'),
(258, 14, 9, 'Doloremque dolor molestiae iure ea dolorum.', 'doloremque-dolor-molestiae-iure-ea-dolorum', 'Omnis corporis quis at ea aperiam explicabo. A eum ipsa aliquam ut. Aut temporibus harum modi. Beatae provident rerum harum.', 'Ipsum veniam totam quo hic sed necessitatibus quidem. Sint quasi necessitatibus et at quibusdam ut libero doloremque. Ut et dolor molestiae ut distinctio iure. Officia illo et repellat inventore omnis. Illum consequatur aspernatur modi iste ducimus. Optio exercitationem praesentium id amet minima perspiciatis expedita. Incidunt consequatur perspiciatis voluptas ad nulla vel. Pariatur sint ab qui ad excepturi non.', 'PUBLISHED', 'https://lorempixel.com/1200/400/?23816', '2018-04-12 03:53:10', '2018-04-12 03:53:10'),
(260, 25, 9, 'Quaerat rerum quis veritatis qui omnis.', 'quaerat-rerum-quis-veritatis-qui-omnis', 'Nobis et repudiandae qui nisi aspernatur. Corporis optio quis est. Suscipit numquam fuga et ipsa. Et dolor consequatur molestias laborum quia impedit omnis consequatur.', 'Est rem voluptatem voluptatem quasi voluptates veritatis. Sed at aut adipisci aut. Quis sit nulla est omnis occaecati. Et sint consectetur excepturi asperiores eum. Corrupti non voluptatibus blanditiis debitis. Aperiam ea quia molestias. Et error quis enim cupiditate ut. Nobis voluptate sequi distinctio qui omnis praesentium. Dolorem dolorem ut nulla qui explicabo asperiores sit dolorem. Accusantium quidem velit magni dolorem possimus vero labore rem.', 'DRAFT', 'https://lorempixel.com/1200/400/?99620', '2018-04-12 03:53:10', '2018-04-12 03:53:10'),
(261, 16, 6, 'Voluptatem dignissimos illum eos pariatur.', 'voluptatem-dignissimos-illum-eos-pariatur', 'Voluptatem accusamus voluptatum quo sed occaecati. Minima qui est incidunt corporis voluptates. Ut soluta dolorem placeat totam molestiae aut.', 'Labore consectetur ut dolor velit soluta. Voluptatem animi aut velit quae quia. Eos dolorum sequi sed placeat perferendis sequi exercitationem est. Sequi in rerum neque qui. Consequatur nobis non quod officia. Commodi incidunt harum nesciunt molestias. Illo natus et nostrum officiis occaecati eum non. Maxime quaerat veniam in et sed voluptatibus. Non expedita quia natus accusamus rerum. Non molestiae beatae rerum tenetur exercitationem debitis.', 'DRAFT', 'https://lorempixel.com/1200/400/?12976', '2018-04-12 03:53:10', '2018-04-12 03:53:10'),
(262, 5, 16, 'Perspiciatis ipsam temporibus atque aut quasi.', 'perspiciatis-ipsam-temporibus-atque-aut-quasi', 'Dolor cum provident blanditiis libero in. Sed totam aut id harum qui atque est natus. Aut eum laborum consequatur impedit incidunt.', 'Aut ut modi veritatis laborum eligendi. Cum autem laborum veniam id aut hic. Ex sequi est necessitatibus voluptas. Veniam dolores modi voluptatem numquam. Impedit at illo doloribus saepe adipisci et nihil. Adipisci modi et deleniti veniam fuga autem. Nihil doloribus aut voluptatibus eligendi dicta est asperiores eum. Illum ipsam aut laborum non ea. Omnis atque pariatur perferendis vitae.', 'PUBLISHED', 'https://lorempixel.com/1200/400/?16801', '2018-04-12 03:53:10', '2018-04-12 03:53:10'),
(263, 6, 11, 'Dolores magnam quas sunt eos.', 'dolores-magnam-quas-sunt-eos', 'Aut possimus natus omnis. Repellendus et dignissimos et deleniti ut consequuntur. Et rem incidunt id eos. Perspiciatis occaecati sed quasi nemo consequuntur. Et dignissimos blanditiis pariatur est.', 'Non voluptas ullam earum qui aut. Consequuntur qui quod voluptatem. Repellendus sit quo dolores quia repudiandae vel esse. Doloribus quo autem dolores aut iste. Est ex alias placeat officiis voluptatum distinctio. Et totam numquam voluptas reiciendis magni. Consequuntur et soluta quia et accusantium at necessitatibus. Sunt ipsa esse vel quidem a consequatur.', 'PUBLISHED', 'https://lorempixel.com/1200/400/?99887', '2018-04-12 03:53:10', '2018-04-12 03:53:10'),
(264, 13, 3, 'Dicta iste dignissimos.', 'dicta-iste-dignissimos', 'Eligendi odio tempora eaque suscipit est ipsam. Similique reprehenderit ex doloremque provident itaque ducimus omnis. Maiores possimus veniam temporibus dolores.', 'Similique dolorem maiores ea et id illo. Quas voluptas quia molestiae et dolor hic. Voluptatem aliquam id nihil repudiandae. Possimus quasi ipsa et alias at temporibus. Sunt vitae est est non maiores. A sed inventore blanditiis enim numquam est. Ratione tempore ea quis. Quia nesciunt possimus voluptas occaecati exercitationem nam aut. Distinctio dolore natus ratione placeat est et. Commodi eum in iste est.', 'PUBLISHED', 'https://lorempixel.com/1200/400/?73601', '2018-04-12 03:53:10', '2018-04-12 03:53:10'),
(265, 2, 3, 'Voluptatem qui praesentium fuga eligendi.', 'voluptatem-qui-praesentium-fuga-eligendi', 'Quasi eligendi porro itaque et. Placeat nostrum eum quaerat voluptates doloribus explicabo. In vero aut ea qui corrupti enim consectetur.', 'Rerum voluptas nobis dicta quo veniam. Eum fugit explicabo laudantium sunt et. Distinctio necessitatibus labore autem at. Minima iste molestiae magnam eum. Saepe facilis consequatur saepe facere quo tempora est. Velit non aut quia. Ratione aut aut est eum. Numquam ut eveniet quasi et consequatur eos. Sequi deleniti et vel nisi quo. Vitae non et laborum similique qui quod culpa sed. Impedit similique facilis accusantium illo occaecati ut. Neque autem unde placeat.', 'PUBLISHED', 'https://lorempixel.com/1200/400/?21147', '2018-04-12 03:53:10', '2018-04-12 03:53:10'),
(266, 4, 12, 'Alias qui accusamus reiciendis quas.', 'alias-qui-accusamus-reiciendis-quas', 'Odit ad incidunt dignissimos velit. Non dignissimos ut sed quis qui ut consequatur. Et temporibus omnis architecto harum id dignissimos aut.', 'Facere laborum eius est modi. Qui eos quasi ab nam. Nihil nihil incidunt illo unde id. Itaque quia omnis illum laborum ut sed hic. Id illum sunt itaque. Provident asperiores labore aut quas at aliquam minus. Reiciendis voluptas libero nobis atque. Maiores minus aut illo quia repellendus in rem. Dolorem molestiae corporis blanditiis qui. Magni facere in minus ex.', 'PUBLISHED', 'https://lorempixel.com/1200/400/?10297', '2018-04-12 03:53:10', '2018-04-12 03:53:10'),
(267, 12, 18, 'Sint earum autem non similique porro.', 'sint-earum-autem-non-similique-porro', 'Qui veniam officia dolor sit molestiae eum. Exercitationem in est sit dolor sint modi. Nobis asperiores officia eligendi quaerat molestiae accusamus non.', 'Sed ut vel vero non repudiandae. Illum quae accusantium numquam quis pariatur. Est dolores qui qui. Illo vero cum pariatur eaque. Ut et soluta qui sunt. Voluptatem recusandae sint nam. Aliquid aliquid sequi consequuntur perferendis. Rerum dolore non iusto dolorem. Aut animi ut beatae ullam quis recusandae dolor. Et nulla officiis natus. Recusandae ut neque enim ullam repellat explicabo iure. Distinctio ipsa eligendi itaque aut. Aut facilis id nobis et.', 'DRAFT', 'https://lorempixel.com/1200/400/?97044', '2018-04-12 03:53:10', '2018-04-12 03:53:10'),
(268, 5, 13, 'Aut sapiente repudiandae aliquid similique totam.', 'aut-sapiente-repudiandae-aliquid-similique-totam', 'Unde quam molestias itaque et molestias maxime. Dolore minima consequatur illum tenetur autem. Voluptas ad praesentium velit. Quia repudiandae molestias dolores ducimus quaerat dolorem.', 'Laudantium enim nihil quis laudantium. Aut neque architecto ut ea. Nesciunt velit qui ipsum autem quia. Voluptatum recusandae similique voluptatem est sed dolore. Quisquam consequatur blanditiis nihil cupiditate. Id maiores odio assumenda fugit eum. Voluptas autem rerum temporibus molestiae. Magni quibusdam aliquid maxime perspiciatis rerum sit. Fuga quam quas voluptates dolores aut excepturi. Aut laudantium consectetur consequatur omnis labore. Ratione vitae neque dolor.', 'PUBLISHED', 'https://lorempixel.com/1200/400/?27223', '2018-04-12 03:53:10', '2018-04-12 03:53:10'),
(270, 2, 10, 'Ducimus et voluptates enim corporis eius.', 'ducimus-et-voluptates-enim-corporis-eius', 'Quas est velit quam laboriosam totam et nihil. Odio commodi quis dolore animi unde. Possimus et aliquid sapiente quia. Dolor beatae voluptatum adipisci sint.', 'Id inventore doloremque sunt dolorem cum illo sequi. Et optio voluptas minus qui voluptatibus totam nisi tenetur. Aut quis veritatis dolorem iure rem dolorem praesentium. Voluptatem molestiae et consequatur alias sint ea vel non. Quidem vel numquam eligendi sint et mollitia. Atque et quaerat necessitatibus. Saepe nostrum qui voluptas non voluptate. Dolor error incidunt commodi cumque a.', 'PUBLISHED', 'https://lorempixel.com/1200/400/?68716', '2018-04-12 03:53:10', '2018-04-12 03:53:10'),
(271, 24, 17, 'Eius nihil consequatur iste.', 'eius-nihil-consequatur-iste', 'Laborum quis ab quae perferendis esse. Est repellat qui rem dignissimos veritatis enim odio aut. Quasi nesciunt ut quia. Impedit reprehenderit aut ad molestiae.', 'Dignissimos sequi culpa et quidem ex est suscipit cum. Laboriosam reiciendis rerum quia. Cupiditate quo temporibus ut aspernatur. Sunt magnam dolor facilis laborum molestiae qui ipsa. Mollitia accusamus commodi molestiae maiores. Blanditiis sit doloremque dolorem quam dolorem. Sit adipisci praesentium quos sapiente.', 'DRAFT', 'https://lorempixel.com/1200/400/?84576', '2018-04-12 03:53:10', '2018-04-12 03:53:10'),
(272, 23, 14, 'Incidunt inventore sint.', 'incidunt-inventore-sint', 'Quibusdam sequi laudantium eaque iure eos sed. Ea velit nostrum voluptates inventore aut qui nulla. Aut et dolore voluptatem error ut nam ducimus. Ut asperiores eos nobis consectetur et et.', 'Aut harum odit qui sint et. Minima asperiores ipsa sapiente voluptas unde dolorem. Distinctio reprehenderit voluptatem minus magni officia autem. Id fugit corporis numquam cumque unde. Veritatis deserunt atque est ab aut. Consequatur atque sed magni sit blanditiis accusamus repellendus. Dolor possimus quis quidem hic delectus. Et molestiae eius minus voluptatem atque itaque sed ducimus. Voluptate dignissimos molestiae impedit deleniti dolorem voluptates. Omnis suscipit quas et enim.', 'DRAFT', 'https://lorempixel.com/1200/400/?31176', '2018-04-12 03:53:10', '2018-04-12 03:53:10'),
(273, 24, 5, 'Aliquid rerum earum magnam tempore voluptas.', 'aliquid-rerum-earum-magnam-tempore-voluptas', 'Ut illum et neque voluptatem et dolores. Aut voluptate est asperiores magni cupiditate. Rem quia alias perspiciatis occaecati deleniti.', 'Voluptatem quaerat ea unde velit fugiat esse maiores. Enim velit et molestiae iure. Voluptatum alias maiores velit ratione animi ipsum. Natus necessitatibus ad nihil aspernatur. Eum soluta et delectus enim. In fugit accusantium eligendi ut sunt quaerat voluptas. Ab nesciunt perspiciatis corporis voluptatem dolorum doloribus. Blanditiis non veniam omnis ea corrupti est. Explicabo molestiae alias odio adipisci sequi. Consequatur dolor assumenda ea aut ducimus. In ut cumque molestiae.', 'DRAFT', 'https://lorempixel.com/1200/400/?87060', '2018-04-12 03:53:10', '2018-04-12 03:53:10'),
(274, 23, 7, 'Dignissimos ea dicta et dignissimos.', 'dignissimos-ea-dicta-et-dignissimos', 'Aut explicabo aliquid dolor numquam. Rerum eius nihil saepe ut ut ad et.', 'Sed est molestias hic quia aut et. Excepturi vel nihil sed et architecto magni. Occaecati est maxime nihil deleniti cum. Optio aliquid voluptatibus sit dicta autem. Unde qui corrupti aut dolores consectetur. Minima praesentium dignissimos rerum sequi numquam sequi. Maiores maxime enim sit omnis eos voluptas. Vero et accusantium at qui ea. Quisquam aut in est consequatur et. Neque porro et quo quam delectus nihil.', 'PUBLISHED', 'https://lorempixel.com/1200/400/?33140', '2018-04-12 03:53:10', '2018-04-12 03:53:10'),
(275, 4, 3, 'Distinctio est consectetur nulla culpa magni.', 'distinctio-est-consectetur-nulla-culpa-magni', 'Nobis repellendus dolore aut voluptates architecto est. Ullam qui nesciunt recusandae ipsum qui voluptas rerum. Cupiditate praesentium non est sint tenetur. Sed harum quia adipisci ut quasi.', 'Possimus quos aut nostrum. Ad voluptatem laudantium commodi ea natus autem numquam. Est eos magnam ullam non alias quo. Accusamus quas quis nihil est ducimus voluptas. Deserunt libero qui quia voluptatem ab eligendi. Sed dolore exercitationem quia expedita ea maiores corporis. Et quis earum totam provident nihil. Architecto repudiandae omnis qui sed. Ratione voluptatem eos eaque dicta numquam. Commodi beatae sequi molestiae eos temporibus corporis reprehenderit.', 'DRAFT', 'https://lorempixel.com/1200/400/?35344', '2018-04-12 03:53:10', '2018-04-12 03:53:10'),
(279, 5, 11, 'Delectus inventore aut repellendus.', 'delectus-inventore-aut-repellendus', 'Et vero architecto et temporibus. Est optio aut quaerat pariatur.', 'Maiores et quam et eligendi maxime iure aut adipisci. Ducimus nesciunt cumque at ut. Laboriosam perspiciatis nisi molestiae ea. Autem architecto nesciunt quibusdam ea ut odio. Reprehenderit rerum ut vero recusandae fugiat maiores eveniet. Eius et autem ullam explicabo quasi impedit. Nulla sit impedit autem quia voluptates sit. Ea suscipit accusantium assumenda soluta perferendis aut. Tempora architecto et et et a aspernatur dolorem. Nihil iusto impedit laboriosam asperiores.', 'PUBLISHED', 'https://lorempixel.com/1200/400/?30606', '2018-04-12 03:53:11', '2018-04-12 03:53:11'),
(280, 17, 7, 'In consequatur commodi ut ipsum.', 'in-consequatur-commodi-ut-ipsum', 'Pariatur veniam temporibus excepturi esse numquam. Qui totam deserunt saepe sed maxime. Assumenda ab asperiores rerum voluptas et. Aspernatur sint quia enim.', 'Enim repellat consequatur molestiae velit. Neque sint aliquid illum non. Repellat iusto architecto minus ipsam ea et soluta. Repudiandae perferendis fugiat doloremque rerum. Et voluptatibus omnis aut quas quaerat dolorum consectetur accusantium. Delectus reiciendis dolorem similique reiciendis autem. Asperiores reiciendis et magni id beatae porro. Odio neque explicabo iusto. Praesentium iure molestias consequatur mollitia.', 'DRAFT', 'https://lorempixel.com/1200/400/?17656', '2018-04-12 03:53:11', '2018-04-12 03:53:11'),
(281, 23, 4, 'Nesciunt rerum porro quidem.', 'nesciunt-rerum-porro-quidem', 'Sint beatae occaecati labore voluptatem deleniti. Excepturi nihil eveniet modi commodi animi facilis sed. Aut distinctio doloremque neque.', 'Enim et labore nobis cum officiis est. Et quia error id temporibus voluptatem non sit in. Qui earum distinctio harum vitae. Blanditiis debitis non et omnis. Ex iste provident odit maiores odio. Expedita mollitia aliquid repellat sunt. Pariatur facilis unde ex repellendus. Sequi et reprehenderit aliquid eligendi in. In animi debitis necessitatibus mollitia maxime hic eius.', 'DRAFT', 'https://lorempixel.com/1200/400/?94305', '2018-04-12 03:53:11', '2018-04-12 03:53:11'),
(282, 11, 13, 'Asperiores illo veritatis placeat.', 'asperiores-illo-veritatis-placeat', 'Perspiciatis alias nesciunt ab commodi. Vero cum vitae voluptatem reprehenderit officiis sint aut eos. Aut deserunt dolores quisquam ut quis eaque.', 'Earum deserunt possimus nam. At ea necessitatibus suscipit similique. Qui voluptatem et voluptates. Et tenetur et omnis tenetur. Quidem error quod eum corporis omnis impedit. Nemo architecto explicabo est molestias nemo. Ut sint enim ipsum commodi ratione soluta quia. Voluptate quae sit eligendi nisi et sunt. Et sapiente maxime veritatis hic nam mollitia. Enim sit hic numquam quisquam. Rerum repudiandae aperiam praesentium deserunt excepturi.', 'PUBLISHED', 'https://lorempixel.com/1200/400/?48493', '2018-04-12 03:53:11', '2018-04-12 03:53:11'),
(283, 18, 15, 'Molestiae tempora assumenda eum laboriosam.', 'molestiae-tempora-assumenda-eum-laboriosam', 'Et nisi est numquam consequatur. Incidunt asperiores voluptas harum molestiae earum excepturi necessitatibus quia. Voluptas ad cumque quasi quidem dolor voluptas.', 'Eveniet quia eos eos iure architecto ipsam adipisci in. Atque quo commodi soluta reprehenderit. Dolor tempore doloremque aut nihil. Et et pariatur rerum nulla. Quia dicta a nam. Asperiores doloribus animi provident deleniti molestias. Ut ipsa enim expedita aliquid soluta. Amet ut quo officia perferendis fugit eaque quae. Nam corrupti sunt autem.', 'PUBLISHED', 'https://lorempixel.com/1200/400/?45781', '2018-04-12 03:53:11', '2018-04-12 03:53:11'),
(284, 8, 9, 'Qui consequatur omnis maxime sunt rerum.', 'qui-consequatur-omnis-maxime-sunt-rerum', 'Quia atque quidem est et et at dolor. Incidunt nostrum et quae ea. Adipisci error modi nobis. Eaque natus dignissimos impedit qui necessitatibus voluptas.', 'Saepe quam quae accusamus enim voluptatum et. Aut harum beatae quaerat odio. Sequi architecto perspiciatis hic sunt architecto. Eligendi error dolorum quia. Aut architecto sint eius ducimus ea. Numquam aperiam quibusdam ipsam velit soluta eius in cum. Corporis ut cupiditate quisquam quia sed. Repudiandae nulla adipisci laboriosam est nihil fugiat consequatur. Nesciunt aspernatur qui numquam magni. Deleniti dolores consequatur necessitatibus dolorem culpa quia fugiat.', 'PUBLISHED', 'https://lorempixel.com/1200/400/?15553', '2018-04-12 03:53:11', '2018-04-12 03:53:11'),
(285, 10, 12, 'Voluptas et non ipsa eaque laudantium.', 'voluptas-et-non-ipsa-eaque-laudantium', 'Eligendi pariatur ratione voluptatem accusamus minima illum quia. Id autem aperiam rerum consequatur ex et alias. Voluptatibus quidem consequatur et.', 'Dolorem numquam vero laborum voluptates sed velit excepturi. Nobis odit nulla sunt accusamus dignissimos quam. Laborum alias ut mollitia asperiores ad. Sint deserunt provident ut qui. Aut ipsum iusto nemo saepe ab qui facere ipsa. Dolor consequatur ratione debitis totam nulla. Beatae ipsa excepturi repudiandae pariatur harum sequi temporibus. Maiores repellat porro reiciendis iure distinctio repellendus et.', 'DRAFT', 'https://lorempixel.com/1200/400/?18558', '2018-04-12 03:53:11', '2018-04-12 03:53:11'),
(286, 23, 14, 'Consequatur optio distinctio qui culpa omnis.', 'consequatur-optio-distinctio-qui-culpa-omnis', 'Est ipsam veniam et sequi ut voluptatem animi. Ea odio quia natus accusamus. Quis ipsam voluptas aut. Laborum autem asperiores quia eum. Id debitis dicta culpa fugit molestiae deserunt.', 'Molestias ducimus debitis sapiente placeat atque delectus odit. Voluptas eligendi quis consequatur et corrupti occaecati. Autem voluptatem atque cumque nesciunt alias et ducimus. Non eaque voluptas ab facere eius similique voluptatem. Molestias in cumque rerum et. Non quasi ea cum id. Enim dolore molestiae cupiditate dicta nesciunt numquam. Deserunt quia corrupti nesciunt.', 'PUBLISHED', 'https://lorempixel.com/1200/400/?58689', '2018-04-12 03:53:11', '2018-04-12 03:53:11'),
(287, 6, 11, 'Eaque aperiam dolorem animi praesentium.', 'eaque-aperiam-dolorem-animi-praesentium', 'Et suscipit consequatur vitae molestiae. Error sint aut qui sapiente ipsa sit.', 'Architecto sit quisquam blanditiis veritatis nostrum sit. Cum aut voluptates dolor maxime exercitationem. Nisi voluptas rerum voluptas. Et molestiae aut et illo dicta et maiores. Aut voluptates dolores quas quis natus dolor. Voluptatem aut vel eaque numquam ea. Enim amet qui culpa illum facere nesciunt provident. Nostrum et enim ea consequatur.', 'DRAFT', 'https://lorempixel.com/1200/400/?83992', '2018-04-12 03:53:11', '2018-04-12 03:53:11'),
(288, 25, 1, 'Blanditiis impedit et eveniet.', 'blanditiis-impedit-et-eveniet', 'Dolores consequatur nihil similique tempore consequatur ipsam. Qui vero dolores cum architecto qui quos quidem. Quia quas et optio aut et.', 'Libero perferendis minima provident sit aut. Optio sed aut aliquam facilis in facere eveniet excepturi. Repellendus et natus voluptas doloribus autem reiciendis qui quibusdam. Eaque esse dolorum tempora. Explicabo eum deserunt id ut aut eum. Fugit eaque a dignissimos ut. Dolorem quae voluptate deserunt laborum praesentium. Modi voluptatem quod blanditiis nulla hic illum veritatis illum. Illo natus vero corporis nobis eius dolorem fuga aspernatur.', 'PUBLISHED', 'https://lorempixel.com/1200/400/?22762', '2018-04-12 03:53:11', '2018-04-12 03:53:11'),
(291, 23, 14, 'Optio et culpa optio.', 'optio-et-culpa-optio', 'Cumque sed quisquam quis error. Est aspernatur totam rem cum velit vel nam soluta. Et est iusto eos.', 'Quibusdam quasi vitae voluptatum dolorem ab ut. At sed suscipit natus veniam voluptates sint modi. Tempora est et praesentium porro numquam placeat blanditiis. Autem culpa dignissimos iste quis exercitationem asperiores incidunt. Molestiae alias pariatur qui voluptate. Minus quas vel explicabo similique. Rem dolor incidunt modi esse.', 'DRAFT', 'https://lorempixel.com/1200/400/?53089', '2018-04-12 03:53:11', '2018-04-12 03:53:11'),
(292, 30, 19, 'Quas blanditiis dolores facilis.', 'quas-blanditiis-dolores-facilis', 'Explicabo illum iste laudantium velit. Asperiores eum incidunt iusto beatae. Inventore id molestias culpa velit ducimus. Sed laboriosam ex qui officiis.', 'Quam natus porro quas sunt. Occaecati fuga sed optio ea dolore. Ea rerum quia omnis tenetur. Velit ut ipsam nihil. Est id porro voluptatum molestiae. Enim sint enim dolores doloremque saepe quod omnis ut. Eum beatae saepe ducimus autem assumenda delectus dignissimos reiciendis. Ut voluptatum molestiae alias dolorem. Sed et dolorem veniam incidunt laboriosam mollitia sint praesentium.', 'PUBLISHED', 'https://lorempixel.com/1200/400/?85470', '2018-04-12 03:53:11', '2018-04-12 03:53:11'),
(293, 11, 1, 'Esse similique eum.', 'esse-similique-eum', 'Cum nemo quod sunt expedita quo. Dolorum est veritatis perspiciatis in facere voluptatem. Quam cupiditate animi eligendi veniam. Ut id hic illo. Unde error impedit omnis consequatur ut quos et.', 'Quisquam unde nobis ratione sunt ipsa tenetur qui. Neque soluta atque repudiandae optio. Aut fugit quod et dolorum ut pariatur eligendi. Laboriosam aut cupiditate aut voluptatem. Dicta natus ut id voluptatum. Aut consectetur ex qui id. Quisquam cupiditate sed laboriosam officia eveniet. Accusamus deserunt praesentium illum mollitia optio quia. Eligendi est doloremque sed.', 'PUBLISHED', 'https://lorempixel.com/1200/400/?90351', '2018-04-12 03:53:11', '2018-04-12 03:53:11'),
(294, 17, 3, 'Blanditiis omnis nisi est.', 'blanditiis-omnis-nisi-est', 'Laboriosam labore quo officia in. Quae placeat doloremque voluptatem nisi cumque. Ea tempora rerum autem omnis nihil sed.', 'Quibusdam non asperiores rerum pariatur quas. Perspiciatis eum et quibusdam eius eius modi ea. Eius harum non non culpa suscipit alias. Laboriosam sunt quam tenetur aperiam. Sit consequatur et dolores eos placeat quia. Voluptatem explicabo doloremque alias quod voluptatibus quo. Et consequatur occaecati et rem. Eaque natus et totam doloribus. Perferendis ab iste facere dolor. Iusto quibusdam voluptas non iste nulla neque. A ut velit quis et eos atque. Voluptatem iusto quis delectus animi.', 'PUBLISHED', 'https://lorempixel.com/1200/400/?94285', '2018-04-12 03:53:11', '2018-04-12 03:53:11'),
(296, 17, 17, 'Dolores aspernatur velit rerum.', 'dolores-aspernatur-velit-rerum', 'Ut quam officia placeat. Itaque omnis ut ab. Dicta quis vel sint placeat reprehenderit voluptas numquam.', 'Qui qui at sit similique perferendis. Nesciunt dolorem illum provident. Quos velit suscipit officia vel ea ut culpa. Sunt enim hic quo molestiae. Quasi autem facilis iusto ex expedita. Rem aut temporibus velit ex pariatur ipsam. Perferendis hic sit dolor fugit non doloribus id. Aut corporis et aut ducimus. Enim tenetur harum quis iusto. Sit voluptates amet blanditiis omnis est ab id.', 'DRAFT', 'https://lorempixel.com/1200/400/?79110', '2018-04-12 03:53:11', '2018-04-12 03:53:11'),
(297, 10, 12, 'Perferendis iure repellendus.', 'perferendis-iure-repellendus', 'Omnis dolores voluptatem ipsum nostrum qui rerum. Consequatur fugiat voluptatem optio quisquam consequatur ab non enim. Enim sed inventore aspernatur.', 'Nemo facere et ipsam delectus impedit voluptatem corporis ut. Modi non similique laudantium dicta iste ut. Dignissimos labore earum unde laboriosam enim cupiditate. Atque modi accusamus qui placeat occaecati consequatur ducimus. Quis illum debitis excepturi omnis tenetur eligendi labore. Nulla quam architecto recusandae molestiae debitis ut consequuntur. Esse recusandae quibusdam suscipit voluptas consequatur. Consequatur vel ullam molestias totam nam.', 'DRAFT', 'https://lorempixel.com/1200/400/?15177', '2018-04-12 03:53:11', '2018-04-12 03:53:11'),
(298, 14, 3, 'Enim eveniet inventore suscipit non.', 'enim-eveniet-inventore-suscipit-non', 'Hic natus dolorem praesentium et ipsum amet porro unde. Dignissimos non voluptatem cupiditate eligendi qui. Voluptas officiis a amet quos voluptatem.', 'Non at et nulla non eaque nobis. Veritatis quis dolorem omnis ducimus ducimus enim architecto. Nesciunt a impedit sed molestiae. Pariatur et rem ullam incidunt. Velit eum enim dicta adipisci odio magnam esse. Maxime voluptates itaque explicabo corporis voluptas magnam fuga. Occaecati sapiente facilis pariatur sint harum. Nobis est voluptas asperiores labore ex exercitationem.', 'DRAFT', 'https://lorempixel.com/1200/400/?94773', '2018-04-12 03:53:11', '2018-04-12 03:53:11'),
(299, 20, 19, 'Eum fugiat aut consectetur._v2', 'eum-fugiat-aut-consectetur-v2', 'Impedit est suscipit tenetur est reprehenderit dolorum voluptatem. Velit pariatur minima ab. Porro et rerum ut necessitatibus ad eligendi. Qui et et corporis id sit dolorem consequatur.', 'Tempore doloremque et perspiciatis quas quibusdam. Repellendus ut provident accusamus temporibus et dolores. Maxime perferendis inventore cumque qui sunt et. Praesentium et illum ea soluta et iure porro. Vero qui quo cupiditate repudiandae illo nihil eos beatae. Deserunt et laborum ipsam sed dolorem vel. At deserunt quidem ut quibusdam voluptatum. Quae quaerat aut adipisci dolores dolorum. Nam alias ut sapiente sed ut. Commodi odio rem porro dignissimos possimus. knpinopiqnqpoknqp', 'DRAFT', 'https://lorempixel.com/1200/400/?22410', '2018-04-12 03:53:11', '2018-04-13 23:08:04'),
(300, 30, 6, 'Etiqueta Numero 2_v1', 'etiqueta-numero-2-v1', 'Etiqueta de prueba', '<p>contenido</p>', 'PUBLISHED', 'C:\\xampp\\tmp\\php20BA.tmp', '2018-04-15 05:22:21', '2018-04-15 05:22:21'),
(301, 30, 10, 'Prueba Numero dos 2', 'prueba-numero-dos-2', 'Prueba numero dos_2', '<p>Contenido numero 2</p>\r\n\r\n<p>&nbsp;</p>', 'PUBLISHED', 'C:\\xampp\\tmp\\phpB78D.tmp', '2018-04-15 05:42:16', '2018-04-15 05:44:51'),
(302, 30, 4, 'Nueva imagen de prueba', 'nueva-imagen-de-prueba', 'Informacion', '<p>Informacion de Imagen</p>', 'PUBLISHED', 'http://localhost:8000/image/YddDw3BSoEMolv2mMls2VNQjYnEWRGyBVoVDyXJo.jpeg', '2018-04-15 05:53:43', '2018-04-15 05:53:44'),
(303, 30, 11, 'progamador Bank End', 'progamador-bank-end', 'ProgramadorBE', '<p>Especialista en desarrollo de sitios web con LARAVEL y RESTfull</p>', 'PUBLISHED', 'http://localhost:8000/image/yY1FWSgrPQed9S5NA0fG3ewa4R94gXfqUxuFrtTS.png', '2018-04-15 11:52:40', '2018-04-15 11:52:41'),
(304, 30, 21, 'Especialista en RESTfull', 'especialista-en-restfull', 'Dos años de experiencia en desarrollo de Api´s', '<p>Especialista en desarrollo se Servelts</p>', 'PUBLISHED', 'http://localhost:8000/image/W0p2YStVKuUCyQtsjv2TscQAMWtkotqVRYrDOhPE.png', '2018-04-15 12:01:38', '2018-04-15 12:01:38'),
(305, 30, 21, 'Programador', 'programador', 'Ejemplo de Post', '<p>sklpnmwreio0mnewfo0imfcp&#39;lowm,l&acute;pw,m&acute;lw,wp</p>', 'PUBLISHED', 'http://localhost:8000/image/oVx3JG4CrO9RqcGw2SGFv5oZHQlMkItYEPxIRySo.png', '2018-04-16 21:11:31', '2018-04-16 21:11:32'),
(306, 32, 20, 'Desarrollador SOAP', 'desarrollador-soap', 'Desarrollador SOAP_v2', '<p>Desarrollo SOAP</p>', 'PUBLISHED', 'http://localhost:8000/image/04n7JQjeMB2T214BrVBtlz9CHSn1XL6rNs6jmFJ2.png', '2018-04-16 21:38:42', '2018-04-16 21:41:37'),
(307, 33, 22, 'web', 'web', 'no se que es, pero bueno', '<p>una descripcion</p>', 'PUBLISHED', 'http://localhost:8000/image/wQHB9O6fhXyGn78fMj0iClGtvDdX3VQEDF9UqoKN.jpeg', '2018-04-17 20:55:24', '2018-04-17 20:55:25');

-- --------------------------------------------------------

--
-- Estructura de tabla para la tabla `post_tag`
--

CREATE TABLE `post_tag` (
  `id` int(10) UNSIGNED NOT NULL,
  `post_id` int(10) UNSIGNED NOT NULL,
  `tag_id` int(10) UNSIGNED NOT NULL,
  `created_at` timestamp NULL DEFAULT NULL,
  `updated_at` timestamp NULL DEFAULT NULL
) ENGINE=InnoDB DEFAULT CHARSET=utf8mb4 COLLATE=utf8mb4_unicode_ci;

--
-- Volcado de datos para la tabla `post_tag`
--

INSERT INTO `post_tag` (`id`, `post_id`, `tag_id`, `created_at`, `updated_at`) VALUES
(1, 1, 4, NULL, NULL),
(2, 1, 8, NULL, NULL),
(7, 3, 4, NULL, NULL),
(8, 3, 12, NULL, NULL),
(10, 4, 1, NULL, NULL),
(13, 5, 2, NULL, NULL),
(14, 5, 10, NULL, NULL),
(16, 6, 2, NULL, NULL),
(17, 6, 6, NULL, NULL),
(19, 7, 1, NULL, NULL),
(22, 8, 4, NULL, NULL),
(23, 8, 9, NULL, NULL),
(25, 9, 4, NULL, NULL),
(26, 9, 9, NULL, NULL),
(28, 10, 5, NULL, NULL),
(29, 10, 11, NULL, NULL),
(31, 11, 1, NULL, NULL),
(32, 11, 6, NULL, NULL),
(34, 12, 3, NULL, NULL),
(35, 12, 12, NULL, NULL),
(36, 12, 15, NULL, NULL),
(37, 13, 4, NULL, NULL),
(43, 15, 5, NULL, NULL),
(44, 15, 8, NULL, NULL),
(49, 17, 4, NULL, NULL),
(50, 17, 8, NULL, NULL),
(52, 18, 1, NULL, NULL),
(53, 18, 8, NULL, NULL),
(55, 19, 1, NULL, NULL),
(56, 19, 6, NULL, NULL),
(57, 19, 15, NULL, NULL),
(58, 20, 3, NULL, NULL),
(59, 20, 8, NULL, NULL),
(60, 20, 15, NULL, NULL),
(61, 21, 2, NULL, NULL),
(62, 21, 10, NULL, NULL),
(64, 22, 5, NULL, NULL),
(65, 22, 13, NULL, NULL),
(67, 23, 1, NULL, NULL),
(68, 23, 10, NULL, NULL),
(70, 24, 4, NULL, NULL),
(71, 24, 7, NULL, NULL),
(73, 25, 4, NULL, NULL),
(74, 25, 9, NULL, NULL),
(76, 26, 4, NULL, NULL),
(77, 26, 13, NULL, NULL),
(79, 27, 2, NULL, NULL),
(80, 27, 6, NULL, NULL),
(85, 29, 4, NULL, NULL),
(86, 29, 7, NULL, NULL),
(88, 30, 4, NULL, NULL),
(89, 30, 8, NULL, NULL),
(90, 30, 15, NULL, NULL),
(91, 31, 5, NULL, NULL),
(92, 31, 12, NULL, NULL),
(93, 31, 15, NULL, NULL),
(97, 33, 4, NULL, NULL),
(98, 33, 13, NULL, NULL),
(100, 34, 1, NULL, NULL),
(101, 34, 11, NULL, NULL),
(103, 35, 4, NULL, NULL),
(104, 35, 7, NULL, NULL),
(106, 36, 3, NULL, NULL),
(107, 36, 8, NULL, NULL),
(112, 38, 3, NULL, NULL),
(113, 38, 10, NULL, NULL),
(114, 38, 15, NULL, NULL),
(115, 39, 5, NULL, NULL),
(116, 39, 9, NULL, NULL),
(117, 39, 15, NULL, NULL),
(118, 40, 1, NULL, NULL),
(119, 40, 8, NULL, NULL),
(121, 41, 2, NULL, NULL),
(124, 42, 4, NULL, NULL),
(125, 42, 11, NULL, NULL),
(127, 43, 4, NULL, NULL),
(128, 43, 13, NULL, NULL),
(136, 46, 3, NULL, NULL),
(137, 46, 12, NULL, NULL),
(145, 49, 4, NULL, NULL),
(148, 50, 4, NULL, NULL),
(149, 50, 8, NULL, NULL),
(151, 51, 4, NULL, NULL),
(152, 51, 7, NULL, NULL),
(154, 52, 2, NULL, NULL),
(155, 52, 6, NULL, NULL),
(156, 52, 15, NULL, NULL),
(157, 53, 1, NULL, NULL),
(158, 53, 11, NULL, NULL),
(159, 53, 15, NULL, NULL),
(163, 55, 2, NULL, NULL),
(164, 55, 11, NULL, NULL),
(165, 55, 15, NULL, NULL),
(166, 56, 3, NULL, NULL),
(167, 56, 10, NULL, NULL),
(168, 56, 15, NULL, NULL),
(169, 57, 1, NULL, NULL),
(170, 57, 7, NULL, NULL),
(172, 58, 1, NULL, NULL),
(173, 58, 13, NULL, NULL),
(175, 59, 3, NULL, NULL),
(176, 59, 10, NULL, NULL),
(178, 60, 2, NULL, NULL),
(179, 60, 12, NULL, NULL),
(181, 61, 3, NULL, NULL),
(184, 62, 5, NULL, NULL),
(185, 62, 7, NULL, NULL),
(187, 63, 3, NULL, NULL),
(188, 63, 12, NULL, NULL),
(190, 64, 1, NULL, NULL),
(191, 64, 9, NULL, NULL),
(196, 66, 3, NULL, NULL),
(197, 66, 10, NULL, NULL),
(199, 67, 4, NULL, NULL),
(200, 67, 6, NULL, NULL),
(202, 68, 3, NULL, NULL),
(203, 68, 10, NULL, NULL),
(204, 68, 15, NULL, NULL),
(208, 70, 1, NULL, NULL),
(209, 70, 13, NULL, NULL),
(211, 71, 3, NULL, NULL),
(212, 71, 8, NULL, NULL),
(214, 72, 5, NULL, NULL),
(216, 72, 15, NULL, NULL),
(220, 74, 5, NULL, NULL),
(221, 74, 11, NULL, NULL),
(223, 75, 3, NULL, NULL),
(226, 76, 1, NULL, NULL),
(227, 76, 13, NULL, NULL),
(229, 77, 5, NULL, NULL),
(230, 77, 9, NULL, NULL),
(238, 80, 2, NULL, NULL),
(239, 80, 12, NULL, NULL),
(240, 80, 15, NULL, NULL),
(241, 81, 4, NULL, NULL),
(242, 81, 6, NULL, NULL),
(243, 81, 15, NULL, NULL),
(244, 82, 4, NULL, NULL),
(245, 82, 7, NULL, NULL),
(253, 85, 4, NULL, NULL),
(254, 85, 6, NULL, NULL),
(256, 86, 1, NULL, NULL),
(257, 86, 10, NULL, NULL),
(259, 87, 2, NULL, NULL),
(260, 87, 7, NULL, NULL),
(265, 89, 3, NULL, NULL),
(266, 89, 8, NULL, NULL),
(268, 90, 5, NULL, NULL),
(269, 90, 12, NULL, NULL),
(271, 91, 3, NULL, NULL),
(272, 91, 9, NULL, NULL),
(277, 93, 5, NULL, NULL),
(278, 93, 6, NULL, NULL),
(280, 94, 3, NULL, NULL),
(282, 94, 15, NULL, NULL),
(283, 95, 4, NULL, NULL),
(284, 95, 7, NULL, NULL),
(289, 97, 4, NULL, NULL),
(292, 98, 1, NULL, NULL),
(293, 98, 9, NULL, NULL),
(295, 99, 3, NULL, NULL),
(296, 99, 7, NULL, NULL),
(298, 100, 4, NULL, NULL),
(299, 100, 11, NULL, NULL),
(304, 102, 1, NULL, NULL),
(305, 102, 6, NULL, NULL),
(307, 103, 5, NULL, NULL),
(308, 103, 10, NULL, NULL),
(310, 104, 1, NULL, NULL),
(311, 104, 11, NULL, NULL),
(313, 105, 2, NULL, NULL),
(314, 105, 8, NULL, NULL),
(316, 106, 2, NULL, NULL),
(317, 106, 9, NULL, NULL),
(319, 107, 5, NULL, NULL),
(320, 107, 10, NULL, NULL),
(322, 108, 3, NULL, NULL),
(323, 108, 7, NULL, NULL),
(325, 109, 3, NULL, NULL),
(326, 109, 12, NULL, NULL),
(327, 109, 15, NULL, NULL),
(328, 110, 4, NULL, NULL),
(329, 110, 7, NULL, NULL),
(334, 112, 1, NULL, NULL),
(336, 112, 15, NULL, NULL),
(337, 113, 3, NULL, NULL),
(338, 113, 10, NULL, NULL),
(340, 114, 5, NULL, NULL),
(343, 115, 1, NULL, NULL),
(344, 115, 11, NULL, NULL),
(349, 117, 1, NULL, NULL),
(352, 118, 4, NULL, NULL),
(353, 118, 11, NULL, NULL),
(355, 119, 2, NULL, NULL),
(356, 119, 6, NULL, NULL),
(358, 120, 5, NULL, NULL),
(359, 120, 12, NULL, NULL),
(361, 121, 5, NULL, NULL),
(362, 121, 13, NULL, NULL),
(363, 121, 15, NULL, NULL),
(364, 122, 1, NULL, NULL),
(365, 122, 10, NULL, NULL),
(366, 122, 15, NULL, NULL),
(367, 123, 3, NULL, NULL),
(368, 123, 10, NULL, NULL),
(370, 124, 1, NULL, NULL),
(371, 124, 9, NULL, NULL),
(373, 125, 2, NULL, NULL),
(374, 125, 10, NULL, NULL),
(376, 126, 3, NULL, NULL),
(377, 126, 10, NULL, NULL),
(379, 127, 5, NULL, NULL),
(382, 128, 4, NULL, NULL),
(388, 130, 1, NULL, NULL),
(389, 130, 6, NULL, NULL),
(394, 132, 3, NULL, NULL),
(395, 132, 11, NULL, NULL),
(397, 133, 3, NULL, NULL),
(398, 133, 10, NULL, NULL),
(400, 134, 2, NULL, NULL),
(401, 134, 7, NULL, NULL),
(406, 136, 4, NULL, NULL),
(407, 136, 6, NULL, NULL),
(408, 136, 15, NULL, NULL),
(412, 138, 2, NULL, NULL),
(413, 138, 6, NULL, NULL),
(415, 139, 2, NULL, NULL),
(416, 139, 9, NULL, NULL),
(417, 139, 15, NULL, NULL),
(418, 140, 2, NULL, NULL),
(419, 140, 9, NULL, NULL),
(421, 141, 4, NULL, NULL),
(422, 141, 9, NULL, NULL),
(424, 142, 2, NULL, NULL),
(425, 142, 12, NULL, NULL),
(427, 143, 1, NULL, NULL),
(428, 143, 13, NULL, NULL),
(430, 144, 2, NULL, NULL),
(431, 144, 7, NULL, NULL),
(433, 145, 2, NULL, NULL),
(434, 145, 8, NULL, NULL),
(439, 147, 2, NULL, NULL),
(440, 147, 13, NULL, NULL),
(442, 148, 4, NULL, NULL),
(443, 148, 12, NULL, NULL),
(445, 149, 2, NULL, NULL),
(446, 149, 7, NULL, NULL),
(448, 150, 5, NULL, NULL),
(449, 150, 11, NULL, NULL),
(454, 152, 4, NULL, NULL),
(455, 152, 11, NULL, NULL),
(457, 153, 1, NULL, NULL),
(458, 153, 12, NULL, NULL),
(460, 154, 4, NULL, NULL),
(461, 154, 6, NULL, NULL),
(463, 155, 2, NULL, NULL),
(464, 155, 7, NULL, NULL),
(466, 156, 5, NULL, NULL),
(467, 156, 6, NULL, NULL),
(469, 157, 4, NULL, NULL),
(470, 157, 8, NULL, NULL),
(472, 158, 5, NULL, NULL),
(475, 159, 5, NULL, NULL),
(476, 159, 6, NULL, NULL),
(481, 161, 1, NULL, NULL),
(482, 161, 11, NULL, NULL),
(484, 162, 3, NULL, NULL),
(485, 162, 12, NULL, NULL),
(487, 163, 4, NULL, NULL),
(488, 163, 12, NULL, NULL),
(490, 164, 3, NULL, NULL),
(491, 164, 10, NULL, NULL),
(492, 164, 15, NULL, NULL),
(496, 166, 1, NULL, NULL),
(497, 166, 6, NULL, NULL),
(498, 166, 15, NULL, NULL),
(499, 167, 4, NULL, NULL),
(500, 167, 6, NULL, NULL),
(502, 168, 4, NULL, NULL),
(503, 168, 9, NULL, NULL),
(505, 169, 3, NULL, NULL),
(506, 169, 6, NULL, NULL),
(507, 169, 15, NULL, NULL),
(508, 170, 3, NULL, NULL),
(509, 170, 11, NULL, NULL),
(511, 171, 3, NULL, NULL),
(512, 171, 12, NULL, NULL),
(517, 173, 5, NULL, NULL),
(518, 173, 9, NULL, NULL),
(520, 174, 3, NULL, NULL),
(521, 174, 7, NULL, NULL),
(523, 175, 3, NULL, NULL),
(524, 175, 11, NULL, NULL),
(526, 176, 5, NULL, NULL),
(527, 176, 8, NULL, NULL),
(529, 177, 5, NULL, NULL),
(530, 177, 10, NULL, NULL),
(531, 177, 15, NULL, NULL),
(532, 178, 5, NULL, NULL),
(533, 178, 7, NULL, NULL),
(535, 179, 2, NULL, NULL),
(536, 179, 9, NULL, NULL),
(537, 179, 15, NULL, NULL),
(538, 180, 5, NULL, NULL),
(539, 180, 6, NULL, NULL),
(541, 181, 3, NULL, NULL),
(542, 181, 13, NULL, NULL),
(544, 182, 2, NULL, NULL),
(545, 182, 10, NULL, NULL),
(547, 183, 5, NULL, NULL),
(548, 183, 6, NULL, NULL),
(549, 183, 15, NULL, NULL),
(550, 184, 4, NULL, NULL),
(551, 184, 9, NULL, NULL),
(553, 185, 1, NULL, NULL),
(554, 185, 6, NULL, NULL),
(556, 186, 4, NULL, NULL),
(557, 186, 11, NULL, NULL),
(558, 186, 15, NULL, NULL),
(559, 187, 1, NULL, NULL),
(560, 187, 7, NULL, NULL),
(568, 190, 4, NULL, NULL),
(569, 190, 9, NULL, NULL),
(570, 190, 15, NULL, NULL),
(574, 192, 4, NULL, NULL),
(575, 192, 6, NULL, NULL),
(576, 192, 15, NULL, NULL),
(577, 193, 3, NULL, NULL),
(580, 194, 2, NULL, NULL),
(581, 194, 7, NULL, NULL),
(583, 195, 1, NULL, NULL),
(584, 195, 6, NULL, NULL),
(586, 196, 5, NULL, NULL),
(587, 196, 8, NULL, NULL),
(588, 196, 15, NULL, NULL),
(589, 197, 5, NULL, NULL),
(590, 197, 12, NULL, NULL),
(595, 199, 5, NULL, NULL),
(596, 199, 9, NULL, NULL),
(598, 200, 1, NULL, NULL),
(599, 200, 11, NULL, NULL),
(601, 201, 3, NULL, NULL),
(602, 201, 11, NULL, NULL),
(607, 203, 4, NULL, NULL),
(608, 203, 9, NULL, NULL),
(610, 204, 5, NULL, NULL),
(611, 204, 9, NULL, NULL),
(612, 204, 15, NULL, NULL),
(616, 206, 5, NULL, NULL),
(617, 206, 10, NULL, NULL),
(618, 206, 15, NULL, NULL),
(622, 208, 4, NULL, NULL),
(623, 208, 7, NULL, NULL),
(625, 209, 2, NULL, NULL),
(626, 209, 6, NULL, NULL),
(631, 211, 1, NULL, NULL),
(632, 211, 9, NULL, NULL),
(634, 212, 3, NULL, NULL),
(635, 212, 7, NULL, NULL),
(636, 212, 15, NULL, NULL),
(637, 213, 4, NULL, NULL),
(638, 213, 13, NULL, NULL),
(639, 213, 15, NULL, NULL),
(640, 214, 1, NULL, NULL),
(641, 214, 8, NULL, NULL),
(642, 214, 15, NULL, NULL),
(643, 215, 3, NULL, NULL),
(644, 215, 7, NULL, NULL),
(646, 216, 2, NULL, NULL),
(647, 216, 6, NULL, NULL),
(648, 216, 15, NULL, NULL),
(649, 217, 5, NULL, NULL),
(650, 217, 12, NULL, NULL),
(652, 218, 1, NULL, NULL),
(655, 219, 3, NULL, NULL),
(656, 219, 10, NULL, NULL),
(658, 220, 1, NULL, NULL),
(664, 222, 5, NULL, NULL),
(665, 222, 11, NULL, NULL),
(667, 223, 4, NULL, NULL),
(668, 223, 10, NULL, NULL),
(669, 223, 15, NULL, NULL),
(673, 225, 5, NULL, NULL),
(674, 225, 12, NULL, NULL),
(676, 226, 3, NULL, NULL),
(677, 226, 10, NULL, NULL),
(679, 227, 2, NULL, NULL),
(680, 227, 12, NULL, NULL),
(682, 228, 4, NULL, NULL),
(683, 228, 13, NULL, NULL),
(685, 229, 5, NULL, NULL),
(688, 230, 4, NULL, NULL),
(689, 230, 11, NULL, NULL),
(694, 232, 4, NULL, NULL),
(695, 232, 12, NULL, NULL),
(697, 233, 3, NULL, NULL),
(698, 233, 9, NULL, NULL),
(699, 233, 15, NULL, NULL),
(700, 234, 1, NULL, NULL),
(701, 234, 9, NULL, NULL),
(703, 235, 4, NULL, NULL),
(704, 235, 9, NULL, NULL),
(706, 236, 4, NULL, NULL),
(707, 236, 7, NULL, NULL),
(709, 237, 1, NULL, NULL),
(710, 237, 10, NULL, NULL),
(712, 238, 4, NULL, NULL),
(713, 238, 11, NULL, NULL),
(714, 238, 15, NULL, NULL),
(715, 239, 1, NULL, NULL),
(716, 239, 9, NULL, NULL),
(718, 240, 1, NULL, NULL),
(719, 240, 6, NULL, NULL),
(721, 241, 3, NULL, NULL),
(722, 241, 6, NULL, NULL),
(724, 242, 1, NULL, NULL),
(725, 242, 13, NULL, NULL),
(727, 243, 5, NULL, NULL),
(728, 243, 13, NULL, NULL),
(729, 243, 15, NULL, NULL),
(730, 244, 3, NULL, NULL),
(731, 244, 8, NULL, NULL),
(733, 245, 3, NULL, NULL),
(734, 245, 7, NULL, NULL),
(736, 246, 1, NULL, NULL),
(738, 246, 15, NULL, NULL),
(739, 247, 5, NULL, NULL),
(740, 247, 10, NULL, NULL),
(742, 248, 2, NULL, NULL),
(743, 248, 11, NULL, NULL),
(744, 248, 15, NULL, NULL),
(745, 249, 4, NULL, NULL),
(746, 249, 12, NULL, NULL),
(748, 250, 4, NULL, NULL),
(749, 250, 8, NULL, NULL),
(751, 251, 1, NULL, NULL),
(752, 251, 7, NULL, NULL),
(757, 253, 4, NULL, NULL),
(758, 253, 6, NULL, NULL),
(760, 254, 2, NULL, NULL),
(761, 254, 12, NULL, NULL),
(763, 255, 2, NULL, NULL),
(764, 255, 12, NULL, NULL),
(766, 256, 2, NULL, NULL),
(767, 256, 12, NULL, NULL),
(769, 257, 2, NULL, NULL),
(770, 257, 13, NULL, NULL),
(772, 258, 1, NULL, NULL),
(773, 258, 12, NULL, NULL),
(778, 260, 5, NULL, NULL),
(779, 260, 9, NULL, NULL),
(781, 261, 4, NULL, NULL),
(782, 261, 10, NULL, NULL),
(784, 262, 3, NULL, NULL),
(785, 262, 7, NULL, NULL),
(787, 263, 4, NULL, NULL),
(788, 263, 8, NULL, NULL),
(790, 264, 5, NULL, NULL),
(791, 264, 12, NULL, NULL),
(793, 265, 1, NULL, NULL),
(794, 265, 11, NULL, NULL),
(796, 266, 3, NULL, NULL),
(797, 266, 10, NULL, NULL),
(799, 267, 3, NULL, NULL),
(800, 267, 13, NULL, NULL),
(802, 268, 1, NULL, NULL),
(804, 268, 15, NULL, NULL),
(808, 270, 5, NULL, NULL),
(809, 270, 12, NULL, NULL),
(811, 271, 2, NULL, NULL),
(812, 271, 9, NULL, NULL),
(813, 271, 15, NULL, NULL),
(814, 272, 4, NULL, NULL),
(815, 272, 12, NULL, NULL),
(817, 273, 5, NULL, NULL),
(818, 273, 9, NULL, NULL),
(819, 273, 15, NULL, NULL),
(820, 274, 2, NULL, NULL),
(821, 274, 6, NULL, NULL),
(823, 275, 3, NULL, NULL),
(824, 275, 11, NULL, NULL),
(835, 279, 2, NULL, NULL),
(836, 279, 9, NULL, NULL),
(838, 280, 3, NULL, NULL),
(839, 280, 6, NULL, NULL),
(841, 281, 3, NULL, NULL),
(842, 281, 7, NULL, NULL),
(843, 281, 15, NULL, NULL),
(844, 282, 4, NULL, NULL),
(845, 282, 9, NULL, NULL),
(847, 283, 2, NULL, NULL),
(848, 283, 8, NULL, NULL),
(850, 284, 3, NULL, NULL),
(851, 284, 9, NULL, NULL),
(853, 285, 3, NULL, NULL),
(854, 285, 9, NULL, NULL),
(855, 285, 15, NULL, NULL),
(856, 286, 2, NULL, NULL),
(857, 286, 11, NULL, NULL),
(859, 287, 5, NULL, NULL),
(860, 287, 9, NULL, NULL),
(861, 287, 15, NULL, NULL),
(862, 288, 2, NULL, NULL),
(863, 288, 13, NULL, NULL),
(871, 291, 3, NULL, NULL),
(872, 291, 7, NULL, NULL),
(873, 291, 15, NULL, NULL),
(874, 292, 2, NULL, NULL),
(875, 292, 12, NULL, NULL),
(877, 293, 3, NULL, NULL),
(878, 293, 9, NULL, NULL),
(880, 294, 4, NULL, NULL),
(881, 294, 11, NULL, NULL),
(882, 294, 15, NULL, NULL),
(886, 296, 2, NULL, NULL),
(887, 296, 10, NULL, NULL),
(889, 297, 4, NULL, NULL),
(890, 297, 8, NULL, NULL),
(892, 298, 2, NULL, NULL),
(893, 298, 11, NULL, NULL),
(895, 299, 2, NULL, NULL),
(896, 299, 11, NULL, NULL),
(897, 299, 15, NULL, NULL),
(898, 301, 6, NULL, NULL),
(899, 301, 13, NULL, NULL),
(900, 302, 20, NULL, NULL),
(901, 302, 6, NULL, NULL),
(902, 302, 13, NULL, NULL),
(903, 303, 3, NULL, NULL),
(905, 304, 21, NULL, NULL),
(906, 304, 23, NULL, NULL),
(907, 304, 22, NULL, NULL),
(908, 305, 21, NULL, NULL),
(909, 305, 23, NULL, NULL),
(910, 305, 22, NULL, NULL),
(911, 306, 21, NULL, NULL),
(912, 306, 22, NULL, NULL),
(913, 307, 20, NULL, NULL),
(914, 307, 23, NULL, NULL),
(915, 307, 22, NULL, NULL);

-- --------------------------------------------------------

--
-- Estructura de tabla para la tabla `tags`
--

CREATE TABLE `tags` (
  `id` int(10) UNSIGNED NOT NULL,
  `name` varchar(128) COLLATE utf8mb4_unicode_ci NOT NULL,
  `slug` varchar(128) COLLATE utf8mb4_unicode_ci NOT NULL,
  `created_at` timestamp NULL DEFAULT NULL,
  `updated_at` timestamp NULL DEFAULT NULL
) ENGINE=InnoDB DEFAULT CHARSET=utf8mb4 COLLATE=utf8mb4_unicode_ci;

--
-- Volcado de datos para la tabla `tags`
--

INSERT INTO `tags` (`id`, `name`, `slug`, `created_at`, `updated_at`) VALUES
(1, 'molestias', 'molestias', '2018-04-12 03:52:56', '2018-04-12 03:52:56'),
(2, 'id', 'id', '2018-04-12 03:52:56', '2018-04-12 03:52:56'),
(3, 'aut', 'aut', '2018-04-12 03:52:56', '2018-04-12 03:52:56'),
(4, 'sunt', 'sunt', '2018-04-12 03:52:56', '2018-04-12 03:52:56'),
(5, 'voluptatum', 'voluptatum', '2018-04-12 03:52:57', '2018-04-12 03:52:57'),
(6, 'dolores', 'dolores', '2018-04-12 03:52:57', '2018-04-12 03:52:57'),
(7, 'quos', 'quos', '2018-04-12 03:52:57', '2018-04-12 03:52:57'),
(8, 'tempora', 'tempora', '2018-04-12 03:52:57', '2018-04-12 03:52:57'),
(9, 'iste', 'iste', '2018-04-12 03:52:57', '2018-04-12 03:52:57'),
(10, 'recusandae', 'recusandae', '2018-04-12 03:52:57', '2018-04-12 03:52:57'),
(11, 'quis', 'quis', '2018-04-12 03:52:57', '2018-04-12 03:52:57'),
(12, 'nisi', 'nisi', '2018-04-12 03:52:57', '2018-04-12 03:52:57'),
(13, 'enim', 'enim', '2018-04-12 03:52:57', '2018-04-12 03:52:57'),
(15, 'exercitationem', 'exercitationem', '2018-04-12 03:52:57', '2018-04-12 03:52:57'),
(18, 'Nombre de la Etiqueta', 'nombre-de-la-etiqueta', '2018-04-13 07:06:52', '2018-04-13 07:06:52'),
(20, 'Crear Etiqueta_v2', 'crear-etiqueta-v2', '2018-04-13 22:36:24', '2018-04-13 23:03:40'),
(21, 'Desarrollador Back End', 'desarrollador-back-end', '2018-04-15 11:54:28', '2018-04-15 11:54:28'),
(22, 'RESTfull', 'restfull', '2018-04-15 11:55:40', '2018-04-15 11:55:40'),
(23, 'JavaSEE8_v5', 'javasee8-v5', '2018-04-15 11:56:40', '2018-04-16 21:28:10');

-- --------------------------------------------------------

--
-- Estructura de tabla para la tabla `users`
--

CREATE TABLE `users` (
  `id` int(10) UNSIGNED NOT NULL,
  `name` varchar(255) COLLATE utf8mb4_unicode_ci NOT NULL,
  `email` varchar(128) COLLATE utf8mb4_unicode_ci NOT NULL,
  `password` varchar(255) COLLATE utf8mb4_unicode_ci NOT NULL,
  `remember_token` varchar(100) COLLATE utf8mb4_unicode_ci DEFAULT NULL,
  `created_at` timestamp NULL DEFAULT NULL,
  `updated_at` timestamp NULL DEFAULT NULL
) ENGINE=InnoDB DEFAULT CHARSET=utf8mb4 COLLATE=utf8mb4_unicode_ci;

--
-- Volcado de datos para la tabla `users`
--

INSERT INTO `users` (`id`, `name`, `email`, `password`, `remember_token`, `created_at`, `updated_at`) VALUES
(1, 'Kyra Crooks', 'shyanne59@example.com', '$2y$10$TKh8H1.PfQx37YgCzwiKb.KjNyWgaHb9cbcoQgdIVFlYg7B77UdFm', '3vGTM8JpD9', '2018-04-12 03:52:53', '2018-04-12 03:52:53'),
(2, 'Tressie Runte', 'corwin.reilly@example.net', '$2y$10$TKh8H1.PfQx37YgCzwiKb.KjNyWgaHb9cbcoQgdIVFlYg7B77UdFm', 'Ffz922lemg', '2018-04-12 03:52:53', '2018-04-12 03:52:53'),
(3, 'Mrs. Allison Toy II', 'emery.koepp@example.com', '$2y$10$TKh8H1.PfQx37YgCzwiKb.KjNyWgaHb9cbcoQgdIVFlYg7B77UdFm', 'LBk5DkXe7J', '2018-04-12 03:52:53', '2018-04-12 03:52:53'),
(4, 'Prof. Leone Feest', 'kay.will@example.net', '$2y$10$TKh8H1.PfQx37YgCzwiKb.KjNyWgaHb9cbcoQgdIVFlYg7B77UdFm', 'mXxqgvtkhU', '2018-04-12 03:52:53', '2018-04-12 03:52:53'),
(5, 'Eliza Gaylord', 'hharber@example.net', '$2y$10$TKh8H1.PfQx37YgCzwiKb.KjNyWgaHb9cbcoQgdIVFlYg7B77UdFm', 'FCHY1mqwZZ', '2018-04-12 03:52:53', '2018-04-12 03:52:53'),
(6, 'Earline Larkin', 'hrobel@example.org', '$2y$10$TKh8H1.PfQx37YgCzwiKb.KjNyWgaHb9cbcoQgdIVFlYg7B77UdFm', 'JB55PtfZVT', '2018-04-12 03:52:53', '2018-04-12 03:52:53'),
(7, 'Denis Buckridge', 'vrempel@example.net', '$2y$10$TKh8H1.PfQx37YgCzwiKb.KjNyWgaHb9cbcoQgdIVFlYg7B77UdFm', 'VtwGso72UC', '2018-04-12 03:52:53', '2018-04-12 03:52:53'),
(8, 'Prof. Margarita Kilback', 'greenholt.jaeden@example.net', '$2y$10$TKh8H1.PfQx37YgCzwiKb.KjNyWgaHb9cbcoQgdIVFlYg7B77UdFm', 'B7UXPrFnfV', '2018-04-12 03:52:54', '2018-04-12 03:52:54'),
(9, 'Ms. Hermina Huels', 'ondricka.hubert@example.com', '$2y$10$TKh8H1.PfQx37YgCzwiKb.KjNyWgaHb9cbcoQgdIVFlYg7B77UdFm', 'AwopaOJooL', '2018-04-12 03:52:54', '2018-04-12 03:52:54'),
(10, 'Frank Willms', 'myrtice.towne@example.com', '$2y$10$TKh8H1.PfQx37YgCzwiKb.KjNyWgaHb9cbcoQgdIVFlYg7B77UdFm', 'fvybsbnYoH', '2018-04-12 03:52:54', '2018-04-12 03:52:54'),
(11, 'Dr. Elisha Wyman II', 'nelson24@example.net', '$2y$10$TKh8H1.PfQx37YgCzwiKb.KjNyWgaHb9cbcoQgdIVFlYg7B77UdFm', '0hOdwQzihQ', '2018-04-12 03:52:54', '2018-04-12 03:52:54'),
(12, 'Dr. Victoria Hintz V', 'cassin.destini@example.org', '$2y$10$TKh8H1.PfQx37YgCzwiKb.KjNyWgaHb9cbcoQgdIVFlYg7B77UdFm', 'Pbi10IUhYy', '2018-04-12 03:52:54', '2018-04-12 03:52:54'),
(13, 'Maiya Schroeder III', 'waters.hazel@example.net', '$2y$10$TKh8H1.PfQx37YgCzwiKb.KjNyWgaHb9cbcoQgdIVFlYg7B77UdFm', 'nxpv0lcl6X', '2018-04-12 03:52:54', '2018-04-12 03:52:54'),
(14, 'Lottie Boyer Sr.', 'roma.bruen@example.net', '$2y$10$TKh8H1.PfQx37YgCzwiKb.KjNyWgaHb9cbcoQgdIVFlYg7B77UdFm', 'huMn5AIQta', '2018-04-12 03:52:54', '2018-04-12 03:52:54'),
(15, 'Isaac Lynch', 'leonel.ebert@example.org', '$2y$10$TKh8H1.PfQx37YgCzwiKb.KjNyWgaHb9cbcoQgdIVFlYg7B77UdFm', 'k99QH1ESpv', '2018-04-12 03:52:54', '2018-04-12 03:52:54'),
(16, 'Eliza Blick', 'lorna.zemlak@example.net', '$2y$10$TKh8H1.PfQx37YgCzwiKb.KjNyWgaHb9cbcoQgdIVFlYg7B77UdFm', 'ISUAd4WcBS', '2018-04-12 03:52:54', '2018-04-12 03:52:54'),
(17, 'Mr. Darwin Bartoletti V', 'lora22@example.net', '$2y$10$TKh8H1.PfQx37YgCzwiKb.KjNyWgaHb9cbcoQgdIVFlYg7B77UdFm', 'uqAxu2oPn4', '2018-04-12 03:52:54', '2018-04-12 03:52:54'),
(18, 'Dr. Grayson Padberg IV', 'chaag@example.com', '$2y$10$TKh8H1.PfQx37YgCzwiKb.KjNyWgaHb9cbcoQgdIVFlYg7B77UdFm', '83mqe7kwWJ', '2018-04-12 03:52:54', '2018-04-12 03:52:54'),
(19, 'Dr. Elvis Kohler', 'dan.kris@example.net', '$2y$10$TKh8H1.PfQx37YgCzwiKb.KjNyWgaHb9cbcoQgdIVFlYg7B77UdFm', 'MYmlHhcMlK', '2018-04-12 03:52:54', '2018-04-12 03:52:54'),
(20, 'Kirsten Runolfsson II', 'violet.hilll@example.com', '$2y$10$TKh8H1.PfQx37YgCzwiKb.KjNyWgaHb9cbcoQgdIVFlYg7B77UdFm', 'Dp2oM3tCMv', '2018-04-12 03:52:54', '2018-04-12 03:52:54'),
(21, 'Carolyne Ziemann PhD', 'estell58@example.net', '$2y$10$TKh8H1.PfQx37YgCzwiKb.KjNyWgaHb9cbcoQgdIVFlYg7B77UdFm', 'C28Q61lIOg', '2018-04-12 03:52:54', '2018-04-12 03:52:54'),
(22, 'Vita Raynor', 'virginia05@example.com', '$2y$10$TKh8H1.PfQx37YgCzwiKb.KjNyWgaHb9cbcoQgdIVFlYg7B77UdFm', 'ZXDrw7o1k7', '2018-04-12 03:52:54', '2018-04-12 03:52:54'),
(23, 'Prof. Queen Kuhic', 'xfahey@example.com', '$2y$10$TKh8H1.PfQx37YgCzwiKb.KjNyWgaHb9cbcoQgdIVFlYg7B77UdFm', 'WqqduIIBBo', '2018-04-12 03:52:54', '2018-04-12 03:52:54'),
(24, 'Cordell Koss Sr.', 'marco.kohler@example.org', '$2y$10$TKh8H1.PfQx37YgCzwiKb.KjNyWgaHb9cbcoQgdIVFlYg7B77UdFm', 'h43iRbOckE', '2018-04-12 03:52:54', '2018-04-12 03:52:54'),
(25, 'Mr. Doyle Smith', 'haskell.gutkowski@example.org', '$2y$10$TKh8H1.PfQx37YgCzwiKb.KjNyWgaHb9cbcoQgdIVFlYg7B77UdFm', '6iKdvhhXHo', '2018-04-12 03:52:54', '2018-04-12 03:52:54'),
(30, 'Concepcion De la Luz', 'rjzx@gmail.com', '$2y$10$QsK75X1BDTbhLv9Ugo5dQuSU.8.24J5GChKE4irg3RMhRlhB34Yf.', 'qy3JplRlOoIg1gb2UsuLwiZvmNkDOLmeAz2iF6TjH4KQhbmSHIn6JrSF5nw6', '2018-04-12 03:52:55', '2018-04-12 03:52:55'),
(32, 'Franco', 'franco@fernandez.com', '$2y$10$UBJCfqivRARWCQ2tFTXjuOzYhYGxwcrrvJ9e1O/5ayUe/iSDbni8K', '5ULXEy4vldefGQR7e6LxyLmrxH144qxxyY4tgTHg9GEb2VcSpQgpeIIjF3GT', '2018-04-16 21:15:14', '2018-04-16 21:15:14'),
(33, 'yomero', 'yomero@hotmail.com', '$2y$10$QmAvAR89n5XJ5SEPyBv4EuEisRZiuH4TH80pURHSbjeUk24X1BUrG', 'ZsUbvvDXsM8dA0N7dIJn4wAEIMzOlkhImMY2VgWCK2Y1oAus3ozdEkS4XQEG', '2018-04-17 20:52:38', '2018-04-17 20:52:38');

--
-- Índices para tablas volcadas
--

--
-- Indices de la tabla `categories`
--
ALTER TABLE `categories`
  ADD PRIMARY KEY (`id`),
  ADD UNIQUE KEY `categories_slug_unique` (`slug`);

--
-- Indices de la tabla `migrations`
--
ALTER TABLE `migrations`
  ADD PRIMARY KEY (`id`);

--
-- Indices de la tabla `password_resets`
--
ALTER TABLE `password_resets`
  ADD KEY `password_resets_email_index` (`email`);

--
-- Indices de la tabla `posts`
--
ALTER TABLE `posts`
  ADD PRIMARY KEY (`id`),
  ADD UNIQUE KEY `posts_slug_unique` (`slug`),
  ADD KEY `posts_user_id_foreign` (`user_id`),
  ADD KEY `posts_category_id_foreign` (`category_id`);

--
-- Indices de la tabla `post_tag`
--
ALTER TABLE `post_tag`
  ADD PRIMARY KEY (`id`),
  ADD KEY `post_tag_post_id_foreign` (`post_id`),
  ADD KEY `post_tag_tag_id_foreign` (`tag_id`);

--
-- Indices de la tabla `tags`
--
ALTER TABLE `tags`
  ADD PRIMARY KEY (`id`),
  ADD UNIQUE KEY `tags_slug_unique` (`slug`);

--
-- Indices de la tabla `users`
--
ALTER TABLE `users`
  ADD PRIMARY KEY (`id`),
  ADD UNIQUE KEY `users_email_unique` (`email`);

--
-- AUTO_INCREMENT de las tablas volcadas
--

--
-- AUTO_INCREMENT de la tabla `categories`
--
ALTER TABLE `categories`
  MODIFY `id` int(10) UNSIGNED NOT NULL AUTO_INCREMENT, AUTO_INCREMENT=23;

--
-- AUTO_INCREMENT de la tabla `migrations`
--
ALTER TABLE `migrations`
  MODIFY `id` int(10) UNSIGNED NOT NULL AUTO_INCREMENT, AUTO_INCREMENT=79;

--
-- AUTO_INCREMENT de la tabla `posts`
--
ALTER TABLE `posts`
  MODIFY `id` int(10) UNSIGNED NOT NULL AUTO_INCREMENT, AUTO_INCREMENT=308;

--
-- AUTO_INCREMENT de la tabla `post_tag`
--
ALTER TABLE `post_tag`
  MODIFY `id` int(10) UNSIGNED NOT NULL AUTO_INCREMENT, AUTO_INCREMENT=916;

--
-- AUTO_INCREMENT de la tabla `tags`
--
ALTER TABLE `tags`
  MODIFY `id` int(10) UNSIGNED NOT NULL AUTO_INCREMENT, AUTO_INCREMENT=24;

--
-- AUTO_INCREMENT de la tabla `users`
--
ALTER TABLE `users`
  MODIFY `id` int(10) UNSIGNED NOT NULL AUTO_INCREMENT, AUTO_INCREMENT=34;

--
-- Restricciones para tablas volcadas
--

--
-- Filtros para la tabla `posts`
--
ALTER TABLE `posts`
  ADD CONSTRAINT `posts_category_id_foreign` FOREIGN KEY (`category_id`) REFERENCES `categories` (`id`) ON DELETE CASCADE ON UPDATE CASCADE,
  ADD CONSTRAINT `posts_user_id_foreign` FOREIGN KEY (`user_id`) REFERENCES `users` (`id`) ON DELETE CASCADE ON UPDATE CASCADE;

--
-- Filtros para la tabla `post_tag`
--
ALTER TABLE `post_tag`
  ADD CONSTRAINT `post_tag_post_id_foreign` FOREIGN KEY (`post_id`) REFERENCES `posts` (`id`) ON DELETE CASCADE ON UPDATE CASCADE,
  ADD CONSTRAINT `post_tag_tag_id_foreign` FOREIGN KEY (`tag_id`) REFERENCES `tags` (`id`) ON DELETE CASCADE ON UPDATE CASCADE;
COMMIT;

/*!40101 SET CHARACTER_SET_CLIENT=@OLD_CHARACTER_SET_CLIENT */;
/*!40101 SET CHARACTER_SET_RESULTS=@OLD_CHARACTER_SET_RESULTS */;
/*!40101 SET COLLATION_CONNECTION=@OLD_COLLATION_CONNECTION */;
